DrugBank_id	smiles
DB01110	ClC1=CC(Cl)=C(COC(CN2C=CN=C2)C2=C(Cl)C=C(Cl)C=C2)C=C1
DB01234	[H][C@@]12C[C@@H](C)[C@](O)(C(=O)CO)[C@@]1(C)C[C@H](O)[C@@]1(F)[C@@]2([H])CCC2=CC(=O)C=C[C@]12C
DB08814	CC(=O)OC1=C(C=CC(=C1)C(F)(F)F)C(O)=O
DB00661	COC1=C(OC)C=C(CCN(C)CCCC(C#N)(C(C)C)C2=CC(OC)=C(OC)C=C2)C=C1
DB00909	NS(=O)(=O)CC1=NOC2=CC=CC=C12
DB04841	FC1=CC=C(C=C1)C(N1CCN(C\C=C\C2=CC=CC=C2)CC1)C1=CC=C(F)C=C1
DB00201	CN1C=NC2=C1C(=O)N(C)C(=O)N2C
DB00277	CN1C2=C(NC=N2)C(=O)N(C)C1=O
DB00640	NC1=C2N=CN([C@@H]3O[C@H](CO)[C@@H](O)[C@H]3O)C2=NC=N1
DB00651	CN1C2=C(N(CC(O)CO)C=N2)C(=O)N(C)C1=O
DB00996	NCC1(CC(O)=O)CCCCC1
DB01223	NCCN.CN1C2=C(NC=N2)C(=O)N(C)C1=O.CN1C2=C(NC=N2)C(=O)N(C)C1=O
DB01412	CN1C=NC2=C1C(=O)NC(=O)N2C
DB00619	CN1CCN(CC2=CC=C(C=C2)C(=O)NC2=CC(NC3=NC=CC(=N3)C3=CN=CC=C3)=C(C)C=C2)CC1
DB01254	CC1=NC(NC2=NC=C(S2)C(=O)NC2=C(C)C=CC=C2Cl)=CC(=N1)N1CCN(CCO)CC1
DB04868	CC1=CN(C=N1)C1=CC(=CC(NC(=O)C2=CC(NC3=NC=CC(=N3)C3=CN=CC=C3)=C(C)C=C2)=C1)C(F)(F)F
DB00244	NC1=CC(C(O)=O)=C(O)C=C1
DB00316	CC(=O)NC1=CC=C(O)C=C1
DB00328	COC1=CC2=C(C=C1)N(C(=O)C1=CC=C(Cl)C=C1)C(C)=C2CC(O)=O
DB00350	NC1=CC(=NC(N)=[N+]1[O-])N1CCCCC1
DB00461	COC1=CC2=C(C=C1)C=C(CCC(C)=O)C=C2
DB00465	OC(=O)C1CCN2C1=CC=C2C(=O)C1=CC=CC=C1
DB00469	CN1\C(=C(/O)NC2=CC=CC=N2)C(=O)C2=C(C=CS2)S1(=O)=O
DB00500	CN1C(CC(O)=O)=CC=C1C(=O)C1=CC=C(C)C=C1
DB00554	CN1C(C(=O)NC2=NC=CC=C2)=C(O)C2=C(C=CC=C2)S1(=O)=O
DB00586	OC(=O)CC1=CC=CC=C1NC1=C(Cl)C=CC=C1Cl
DB00605	CC1=C(CC(O)=O)C2=CC(F)=CC=C2\C1=C/C1=CC=C(C=C1)S(C)=O
DB00712	CC(C(O)=O)C1=CC(F)=C(C=C1)C1=CC=CC=C1
DB00749	CCC1=C2NC3=C(CCOC3(CC)CC(O)=O)C2=CC=C1
DB00784	CC1=C(C)C(NC2=CC=CC=C2C(O)=O)=CC=C1
DB00788	COC1=CC2=C(C=C1)C=C(C=C2)[C@H](C)C(O)=O
DB00795	OC(=O)C1=CC(=CC=C1O)\N=N\C1=CC=C(C=C1)S(=O)(=O)NC1=NC=CC=C1
DB00812	CCCCC1C(=O)N(N(C1=O)C1=CC=CC=C1)C1=CC=CC=C1
DB00814	CN1C(C(=O)NC2=NC=C(C)S2)=C(O)C2=C(C=CC=C2)S1(=O)=O
DB00821	CC(C(O)=O)C1=CC2=C(C=C1)C1=C(N2)C=CC(Cl)=C1
DB00870	CC(C(O)=O)C1=CC=C(C=C1)C(=O)C1=CC=CS1
DB00945	CC(=O)OC1=CC=CC=C1C(O)=O
DB00963	NC1=C(CC(O)=O)C=CC=C1C(=O)C1=CC=C(Br)C=C1
DB00991	OC(=O)CCC1=NC(=C(O1)C1=CC=CC=C1)C1=CC=CC=C1
DB01009	CC(C(O)=O)C1=CC(=CC=C1)C(=O)C1=CC=CC=C1
DB01014	OC(=O)CCNC(=O)C1=CC=C(C=C1)\N=N\C1=CC=C(O)C(=C1)C(O)=O
DB01050	CC(C)CC1=CC=C(C=C1)C(C)C(O)=O
DB01283	CC1=CC=C(NC2=C(Cl)C=CC=C2F)C(CC(O)=O)=C1
DB01399	OC(=O)C1=CC=CC=C1OC(=O)C1=CC=CC=C1O
DB01435	CN1N(C(=O)C=C1C)C1=CC=CC=C1
DB02266	OC(=O)C1=CC=CC=C1NC1=CC(=CC=C1)C(F)(F)F
DB02709	OC1=CC=C(\C=C\C2=CC(O)=CC(O)=C2)C=C1
DB04552	OC(=O)C1=C(NC2=CC=CC(=C2)C(F)(F)F)N=CC=C1
DB06725	CN1\C(=C(\O)NC2=CC=CC=N2)C(=O)C2=C(C=C(Cl)S2)S1(=O)=O
DB06802	NC(=O)CC1=CC=CC(C(=O)C2=CC=CC=C2)=C1N
DB00246	ClC1=C(CCN2CCN(CC2)C2=NSC3=CC=CC=C23)C=C2CC(=O)NC2=C1
DB00268	CCCN(CCC)CCC1=C2CC(=O)NC2=CC=C1
DB00334	CN1CCN(CC1)C1=NC2=CC=CC=C2NC2=C1C=C(C)S2
DB00363	CN1CCN(CC1)C1=NC2=CC(Cl)=CC=C2NC2=CC=CC=C12
DB00408	CN1CCN(CC1)C1=NC2=CC=CC=C2OC2=C1C=C(Cl)C=C2
DB00413	CCCN[C@H]1CCC2=C(C1)SC(N)=N2
DB00477	CN(C)CCCN1C2=CC=CC=C2SC2=C1C=C(Cl)C=C2
DB00502	OC1(CCN(CCCC(=O)C2=CC=C(F)C=C2)CC1)C1=CC=C(Cl)C=C1
DB00543	ClC1=CC2=C(OC3=CC=CC=C3N=C2N2CCNCC2)C=C1
DB00623	OCCN1CCN(CCCN2C3=CC=CC=C3SC3=C2C=C(C=C3)C(F)(F)F)CC1
DB00679	CSC1=CC2=C(SC3=CC=CC=C3N2CCC2CCCCN2C)C=C1
DB00734	CC1=C(CCN2CCC(CC2)C2=NOC3=C2C=CC(F)=C3)C(=O)N2CCCCC2=N1
DB00800	OC1=CC=C(C=C1)C1CNCCC2=C(Cl)C(O)=C(O)C=C12
DB00988	NCCC1=CC(O)=C(O)C=C1
DB01186	[H][C@@]12CC3=CNC4=CC=CC(=C34)[C@@]1([H])C[C@@H](CSC)CN2CCC
DB01224	OCCOCCN1CCN(CC1)C1=NC2=CC=CC=C2SC2=CC=CC=C12
DB01235	N[C@@H](CC1=CC(O)=C(O)C=C1)C(O)=O
DB01238	ClC1=CC=CC(N2CCN(CCCCOC3=CC4=C(CCC(=O)N4)C=C3)CC2)=C1Cl
DB01239	[H]C(CCN(C)C)=C1C2=CC(Cl)=CC=C2SC2=C1C=CC=C2
DB01099	NC1=C(F)C=NC(=O)N1
DB00398	CNC(=O)C1=NC=CC(OC2=CC=C(NC(=O)NC3=CC(=C(Cl)C=C3)C(F)(F)F)C=C2)=C1
DB01268	CCN(CC)CCNC(=O)C1=C(C)NC(\C=C2/C(=O)NC3=C2C=C(F)C=C3)=C1C
DB00384	NC1=NC(N)=C2N=C(C(N)=NC2=N1)C1=CC=CC=C1
DB00594	NC(N)=NC(=O)C1=C(N)N=C(N)C(Cl)=N1
DB01229	[H][C@]12[C@H](OC(=O)C3=CC=CC=C3)[C@]3(O)C[C@H](OC(=O)[C@H](O)[C@@H](NC(=O)C4=CC=CC=C4)C4=CC=CC=C4)C(C)=C([C@@H](OC(C)=O)C(=O)[C@]1(C)[C@@H](O)C[C@H]1OC[C@@]21OC(C)=O)C3(C)C
DB01248	[H][C@@]12C[C@H](O)[C@@]3(C)C(=O)[C@H](O)C4=C(C)[C@H](C[C@@](O)([C@@H](OC(=O)C5=CC=CC=C5)[C@]3([H])[C@@]1(CO2)OC(C)=O)C4(C)C)OC(=O)[C@H](O)[C@@H](NC(=O)OC(C)(C)C)C1=CC=CC=C1
DB01394	COC1=CC2=C(C(OC)=C1OC)C1=CC=C(OC)C(=O)C=C1C(CC2)NC(C)=O
DB03010	C[C@H]1CCC[C@]2(C)O[C@H]2C[C@H](OC(=O)C[C@@H](O)C(C)(C)C(=O)[C@@H](C)[C@@H]1O)C(\C)=C\C1=CSC(C)=N1
DB06772	[H][C@@](O)([C@@H](NC(=O)OC(C)(C)C)C1=CC=CC=C1)C(=O)O[C@@]1([H])C[C@@]2(O)[C@@]([H])(OC(=O)C3=CC=CC=C3)[C@]3([H])[C@@]4(CO[C@]4([H])C[C@]([H])(OC)[C@@]3(C)C(=O)[C@]([H])(OC)C(=C1C)C2(C)C)OC(C)=O
DB00165	CC1=C(O)C(CO)=C(CO)C=N1
DB00559	COC1=CC=CC=C1OC1=C(NS(=O)(=O)C2=CC=C(C=C2)C(C)(C)C)N=C(N=C1OCCO)C1=NC=CC=N1
DB06268	CC1=NOC(NS(=O)(=O)C2=C(SC=C2)C(=O)CC2=CC3=C(OCO3)C=C2C)=C1Cl
DB00321	CN(C)CCC=C1C2=CC=CC=C2CCC2=CC=CC=C12
DB00332	[Br-].[H][C@]12CC[C@]([H])(C[C@@H](C1)OC(=O)C(CO)C1=CC=CC=C1)[N@+]2(C)C(C)C
DB00342	CC(C)(C)C1=CC=C(C=C1)C(O)CCCN1CCC(CC1)C(O)(C1=CC=CC=C1)C1=CC=CC=C1
DB00387	OC(CCN1CCCC1)(C1CCCCC1)C1=CC=CC=C1
DB00424	CN1[C@H]2CC[C@@H]1C[C@@H](C2)OC(=O)[C@H](CO)C1=CC=CC=C1
DB00434	CN1CCC(CC1)=C1C2=CC=CC=C2C=CC2=CC=CC=C12
DB00458	CN(C)CCCN1C2=CC=CC=C2CCC2=CC=CC=C12
DB00462	[Br-].[H][C@]12C[C@@H](C[C@@]([H])(C3OC13)[N+]2(C)C)OC(=O)[C@H](CO)C1=CC=CC=C1
DB00496	NC(=O)C([C@@H]1CCN(CCC2=CC3=C(OCC3)C=C2)C1)(C1=CC=CC=C1)C1=CC=CC=C1
DB00517	[Br-].CCCC(CCC)C(=O)O[C@H]1CC2CCC(C1)[N+]2(C)C
DB00572	CN1[C@H]2CC[C@@H]1C[C@@H](C2)OC(=O)C(CO)C1=CC=CC=C1
DB00622	COC(=O)C1=C(C)NC(C)=C(C1C1=CC(=CC=C1)[N+]([O-])=O)C(=O)OCCN(C)CC1=CC=CC=C1
DB00715	FC1=CC=C(C=C1)[C@@H]1CCNC[C@H]1COC1=CC2=C(OCO2)C=C1
DB00747	CN1[C@H]2C[C@@H](C[C@@H]1[C@H]1O[C@@H]21)OC(=O)[C@H](CO)C1=CC=CC=C1
DB00809	CCN(CC1=CC=NC=C1)C(=O)C(CO)C1=CC=CC=C1
DB00934	CNCCCC12CCC(C3=CC=CC=C13)C1=CC=CC=C21
DB01036	CC(C)N(CC[C@H](C1=CC=CC=C1)C1=C(O)C=CC(C)=C1)C(C)C
DB01062	CCN(CC)CC#CCOC(=O)C(O)(C1CCCCC1)C1=CC=CC=C1
DB01085	CC[C@H]1[C@@H](CC2=CN=CN2C)COC1=O
DB01337	[H][C@@]12C[C@@H]([C@H](OC(C)=O)[C@@]1(C)CC[C@@]1([H])[C@@]2([H])CC[C@@]2([H])C[C@H](OC(C)=O)[C@H](C[C@]12C)[N+]1(C)CCCCC1)[N+]1(C)CCCCC1
DB01409	C[N+]1(C)[C@H]2CC(C[C@@H]1[C@@H]1O[C@H]21)OC(=O)C(O)(C1=CC=CS1)C1=CC=CS1
DB01591	OC(=O)CCC(O)=O.O=C(O[C@H]1CN2CCC1CC2)N1CCC2=CC=CC=C2[C@@H]1C1=CC=CC=C1
DB04843	C[N+]1(C)CCCC(C1)OC(=O)C(O)(C1=CC=CC=C1)C1=CC=CC=C1
DB06702	CC(C)N(CC[C@H](C1=CC=CC=C1)C1=C(OC(=O)C(C)C)C=CC(CO)=C1)C(C)C
DB00170	CC1=CC(=O)C2=CC=CC=C2C1=O
DB00278	C[C@@H]1CCN([C@H](C1)C(O)=O)C(=O)[C@H](CCCN=C(N)N)NS(=O)(=O)C1=CC=CC2=C1NC[C@H](C)C2
DB04786	CC1=C(NC(=O)C2=CC(NC(=O)NC3=CC=CC(=C3)C(=O)NC3=C(C)C=CC(=C3)C(=O)NC3=C4C(C=C(C=C4S(O)(=O)=O)S(O)(=O)=O)=C(C=C3)S(O)(=O)=O)=CC=C2)C=C(C=C1)C(=O)NC1=C2C(C=C(C=C2S(O)(=O)=O)S(O)(=O)=O)=C(C=C1)S(O)(=O)=O
DB04898	CCOC(=O)CN[C@@H](C(=O)N1CC[C@H]1C(=O)NCC1=CC=C(C=C1)C(\N)=N\O)C1CCCCC1
DB06695	CCCCCCOC(=O)N=C(N)C1=CC=C(NCC2=NC3=C(C=CC(=C3)C(=O)N(CCC(=O)OCC)C3=CC=CC=N3)N2C)C=C1
DB00145	NCC(O)=O
DB01108	[H][C@]12O[C@]11CC[C@@]3([H])[C@]4([H])CC[C@H](O)[C@@]4(C)CC[C@]3([H])[C@@]1(C)CC(C#N)=C2O
DB00126	[H][C@@]1(OC(=O)C(O)=C1O)[C@@H](O)CO
DB01275	NNC1=NN=CC2=CC=CC=C12
DB06155	CC1=C(N(N=C1C(=O)NN1CCCCC1)C1=C(Cl)C=C(Cl)C=C1)C1=CC=C(Cl)C=C1
DB00177	CCCCC(=O)N(CC1=CC=C(C=C1)C1=CC=CC=C1C1=NNN=N1)[C@@H](C(C)C)C(O)=O
DB00275	CCCC1=NC(=C(N1CC1=CC=C(C=C1)C1=C(C=CC=C1)C1=NN=NN1)C(O)=O)C(C)(C)O
DB00796	CCOC1=NC2=CC=CC(C(O)=O)=C2N1CC1=CC=C(C=C1)C1=CC=CC=C1C1=NNN=N1
DB00876	CCCCC1=NC=C(\C=C(/CC2=CC=CS2)C(O)=O)N1CC1=CC=C(C=C1)C(O)=O
DB00966	CCCC1=NC2=C(C=C(C=C2C)C2=NC3=CC=CC=C3N2C)N1CC1=CC=C(C=C1)C1=CC=CC=C1C(O)=O
DB01029	CCCCC1=NC2(CCCC2)C(=O)N1CC1=CC=C(C=C1)C1=CC=CC=C1C1=NNN=N1
DB00297	CCCCN1CCCCC1C(=O)NC1=C(C)C=CC=C1C
DB00770	CCCCC[C@H](O)C=C[C@H]1[C@H](O)CC(=O)[C@@H]1CCCCCCC(O)=O
DB00905	CCNC(=O)CCC\C=C/C[C@H]1[C@@H](O)C[C@@H](O)[C@@H]1\C=C\[C@@H](O)CCC1=CC=CC=C1
DB00917	CCCCC[C@H](O)\C=C\[C@H]1[C@H](O)CC(=O)[C@@H]1C\C=C/CCCC(O)=O
DB00636	CCOC(=O)C(C)(C)OC1=CC=C(Cl)C=C1
DB01039	CC(C)OC(=O)C(C)(C)OC1=CC=C(C=C1)C(=O)C1=CC=C(Cl)C=C1
DB01241	CC1=CC(OCCCC(C)(C)C(O)=O)=C(C)C=C1
DB01393	CC(C)(OC1=CC=C(CCNC(=O)C2=CC=C(Cl)C=C2)C=C1)C(O)=O
DB00121	[H][C@]12CS[C@@H](CCCCC(O)=O)[C@@]1([H])NC(=O)N2
DB00755	CC(C=CC1=C(C)CCCC1(C)C)=CC=CC(C)=CC(O)=O
DB00993	CN1C=NC(=C1SC1=NC=NC2=C1NC=N2)[N+]([O-])=O
DB01033	S=C1N=CNC2=C1NC=N2
DB00210	COC1=C(C=C(C=C1)C1=CC2=C(C=C1)C=C(C=C2)C(O)=O)C12CC3CC(CC(C3)C1)C2
DB00307	CC1=CC2=C(C=C1C(=C)C1=CC=C(C=C1)C(O)=O)C(C)(C)CCC2(C)C
DB00459	COC1=C(C)C(C)=C(\C=C\C(\C)=C\C=C\C(\C)=C\C(O)=O)C(C)=C1
DB00799	CCOC(=O)C1=CN=C(C=C1)C#CC1=CC2=C(SCCC2(C)C)C=C1
DB01941	CC1=CC2=C(C=C1C1(CC1)C1=CC=C(C=N1)C(O)=O)C(C)(C)CCC2(C)C
DB00904	CN1C2=C(C3=CC=CC=C13)C(=O)C(CN1C=CN=C1C)CC2
DB01079	CCCCC\N=C(/N)NN\C=C1/C=NC2=C1C=C(CO)C=C2
DB00204	CN(CCOC1=CC=C(NS(C)(=O)=O)C=C1)CCC1=CC=C(NS(C)(=O)=O)C=C1
DB00308	CCCCCCCN(CC)CCCC(O)C1=CC=C(NS(C)(=O)=O)C=C1
DB00457	COC1=C(OC)C=C2C(N)=NC(=NC2=C1)N1CCN(CC1)C(=O)C1=CC=CO1
DB00489	CC(C)NCC(O)C1=CC=C(NS(C)(=O)=O)C=C1
DB00590	COC1=C(OC)C=C2C(N)=NC(=NC2=C1)N1CCN(CC1)C(=O)C1COC2=CC=CC=C2O1
DB00908	[H][C@@]12CCN(C[C@@H]1C=C)[C@]([H])(C2)[C@@H](O)C1=C2C=C(OC)C=CC2=NC=C1
DB01118	CCCCC1=C(C(=O)C2=CC(I)=C(OCCN(CC)CC)C(I)=C2)C2=CC=CC=C2O1
DB01136	COC1=CC=CC=C1OCCNCC(O)COC1=CC=CC2=C1C1=CC=CC=C1N2
DB01162	COC1=C(OC)C=C2C(N)=NC(=NC2=C1)N1CCN(CC1)C(=O)C1CCCO1
DB01182	CCCNCC(O)COC1=CC=CC=C1C(=O)CCC1=CC=CC=C1
DB01218	CCCCN(CCCC)CCC(O)C1=C2C=CC(=CC2=C2C=C(Cl)C=C(Cl)C2=C1)C(F)(F)F
DB00762	CCC1=C2CN3C(=CC4=C(COC(=O)[C@]4(O)CC)C3=O)C2=NC2=C1C=C(OC(=O)N1CCC(CC1)N1CCCCC1)C=C2
DB01030	CC[C@@]1(O)C(=O)OCC2=C1C=C1N(CC3=CC4=C(C=CC(O)=C4CN(C)C)N=C13)C2=O
DB00245	[H][C@]12CC[C@]([H])(C[C@@]([H])(C1)OC(C1=CC=CC=C1)C1=CC=CC=C1)N2C
DB00366	CN(C)CCOC(C)(C1=CC=CC=C1)C1=CC=CC=N1
DB00804	CCN(CC)CCOC(=O)C1(CCCCC1)C1CCCCC1
DB00810	OC(CCN1CCCCC1)(C1CC2CC1C=C2)C1=CC=CC=C1
DB01148	CC1=C(OC2=C(C=CC=C2C(=O)OCCN2CCCCC2)C1=O)C1=CC=CC=C1
DB01175	CN(C)CCC[C@]1(OCC2=C1C=CC(=C2)C#N)C1=CC=C(F)C=C1
DB04365	COC(=O)C1=CCCN(C)C1
DB03754	NC(CO)(CO)CO
DB00973	O[C@@H](CC[C@@H]1[C@H](N(C1=O)C1=CC=C(F)C=C1)C1=CC=C(O)C=C1)C1=CC=C(F)C=C1
DB01094	COC1=C(O)C=C(C=C1)[C@@H]1CC(=O)C2=C(O)C=C(O)C=C2O1
DB00208	ClC1=CC=CC=C1CN1CCC2=C(C1)C=CS2
DB06209	CC(=O)OC1=CC2=C(CCN(C2)C(C(=O)C2CC2)C2=CC=CC=C2F)S1
DB08816	CCCSC1=NC2=C(N=NN2[C@@H]2C[C@H](OCCO)[C@@H](O)[C@H]2O)C(N[C@@H]2C[C@H]2C2=CC(F)=C(F)C=C2)=N1
DB00501	C\N=C(\NCCSCC1=C(C)NC=N1)NC#N
DB00585	CN\C(NCCSCC1=CSC(CN(C)C)=N1)=C/[N+]([O-])=O
DB00751	NC1=NCC2N1C1=CC=CC=C1CC1=CC=CC=C21
DB00863	CN\C(NCCSCC1=CC=C(CN(C)C)O1)=C/[N+]([O-])=O
DB00927	NC(N)=NC1=NC(CSCCC(N)=NS(N)(=O)=O)=CS1
DB00987	NC1=NC(=O)N(C=C1)[C@@H]1O[C@H](CO)[C@@H](O)[C@@H]1O
DB00173	NC1=C2NC=NC2=NC=N1
DB01016	COC1=C(C=C(Cl)C=C1)C(=O)NCCC1=CC=C(C=C1)S(=O)(=O)NC(=O)NC1CCCCC1
DB01599	CC(C)(SC1=CC(=C(O)C(=C1)C(C)(C)C)C(C)(C)C)SC1=CC(=C(O)C(=C1)C(C)(C)C)C(C)(C)C
DB00255	CCC(=C(CC)C1=CC=C(O)C=C1)C1=CC=C(O)C=C1
DB00367	[H][C@@]12CC[C@@](O)(C#C)[C@@]1(CC)CC[C@]1([H])[C@@]3([H])CCC(=O)C=C3CC[C@@]21[H]
DB00396	[H][C@@]12CC[C@H](C(C)=O)[C@@]1(C)CC[C@@]1([H])[C@@]2([H])CCC2=CC(=O)CC[C@]12C
DB00481	OC1=CC=C(C=C1)C1=C(C(=O)C2=CC=C(OCCN3CCCCC3)C=C2)C2=C(S1)C=C(O)C=C2
DB00539	CN(C)CCOC1=CC=C(C=C1)C(=C(\CCCl)C1=CC=CC=C1)\C1=CC=CC=C1
DB00603	[H][C@@]12CC[C@](OC(C)=O)(C(C)=O)[C@@]1(C)CC[C@@]1([H])[C@@]2([H])C[C@H](C)C2=CC(=O)CC[C@]12C
DB00655	[H][C@@]12CCC(=O)[C@@]1(C)CC[C@]1([H])C3=C(CC[C@@]21[H])C=C(O)C=C3
DB00675	CC\C(=C(/C1=CC=CC=C1)C1=CC=C(OCCN(C)C)C=C1)C1=CC=CC=C1
DB00783	[H][C@@]12CC[C@H](O)[C@@]1(C)CC[C@]1([H])C3=C(CC[C@@]21[H])C=C(O)C=C3
DB00823	[H][C@@]12CC[C@@](OC(C)=O)(C#C)[C@@]1(C)CC[C@]1([H])[C@@]3([H])CC[C@H](OC(C)=O)C=C3CC[C@@]21[H]
DB00882	CCN(CC)CCOC1=CC=C(C=C1)C(=C(Cl)C1=CC=CC=C1)C1=CC=CC=C1
DB00890	CC=C(C(=CC)C1=CC=C(O)C=C1)C1=CC=C(O)C=C1
DB00947	[H][C@@]12CC[C@H](O)[C@@]1(C)CC[C@@]1([H])C2[C@H](CCCCCCCCCS(=O)CCCC(F)(F)C(F)(F)F)CC2=CC(O)=CC=C12
DB00977	[H][C@@]12CC[C@@](O)(C#C)[C@@]1(C)CC[C@]1([H])C3=C(CC[C@@]21[H])C=C(O)C=C3
DB01065	COC1=CC2=C(NC=C2CCNC(C)=O)C=C1
DB01183	[H][C@@]12OC3=C(O)C=CC4=C3[C@@]11CCN(CC=C)[C@]([H])(C4)[C@]1(O)CCC2=O
DB01196	[H][C@@]12CC[C@H](O)[C@@]1(C)CC[C@]1([H])C3=CC=C(OC(=O)N(CCCl)CCCl)C=C3CC[C@@]21[H]
DB01357	[H][C@@]12CC[C@@](O)(C#C)[C@@]1(C)CC[C@]1([H])C3=C(CC[C@@]21[H])C=C(OC)C=C3
DB01645	OC1=CC=C(C=C1)C1=COC2=C(C(O)=CC(O)=C2)C1=O
DB04573	[H][C@@]12C[C@@H](O)[C@H](O)[C@@]1(C)CC[C@]1([H])C3=C(CC[C@@]21[H])C=C(O)C=C3
DB07933	[H][C@@]12CCC[C@]1([H])[C@@]([H])(OC1=C2C=C(O)C=C1)C1=CC=C(O)C=C1
DB01025	CC(C)C1=CC2=C(OC3=NC(N)=C(C=C3C2=O)C(O)=O)C=C1
DB07931	[H][C@](CC)(C1=CC=C(O)C=C1)[C@]([H])(CC)C1=CC=C(O)C=C1
DB00358	OC(C1CCCCN1)C1=CC(=NC2=C1C=CC=C2C(F)(F)F)C(F)(F)F
DB08486	CC1=CC(NC(=O)CC2=CC=C(OC(C)(C)C(O)=O)C=C2)=CC(C)=C1
DB00421	[H][C@@]12CC[C@@]3(CCC(=O)O3)[C@@]1(C)CC[C@@]1([H])[C@@]2([H])[C@@]([H])(CC2=CC(=O)CC[C@]12C)SC(C)=O
DB00499	CC(C)C(=O)NC1=CC(=C(C=C1)[N+]([O-])=O)C(F)(F)F
DB00621	[H][C@@]12CC[C@](C)(O)[C@@]1(C)CC[C@@]1([H])[C@@]2([H])CC[C@@]2([H])CC(=O)OC[C@]12C
DB00624	[H][C@@]12CC[C@H](O)[C@@]1(C)CC[C@@]1([H])[C@@]2([H])CCC2=CC(=O)CC[C@]12C
DB00665	CC1(C)NC(=O)N(C1=O)C1=CC(=C(C=C1)[N+]([O-])=O)C(F)(F)F
DB00984	[H][C@@]12CC[C@H](OC(=O)CCC3=CC=CC=C3)[C@@]1(C)CC[C@]1([H])[C@@]3([H])CCC(=O)C=C3CC[C@@]21[H]
DB01128	CC(O)(CS(=O)(=O)C1=CC=C(F)C=C1)C(=O)NC1=CC(=C(C=C1)C#N)C(F)(F)F
DB01395	[H][C@@]12C[C@]1([H])[C@@]1([H])[C@]3([H])[C@]4([H])C[C@]4([H])[C@@]4(CCC(=O)O4)[C@@]3(C)CC[C@]1([H])[C@@]1(C)CCC(=O)C=C21
DB01420	[H][C@@]12CC[C@H](OC(=O)CC)[C@@]1(C)CC[C@@]1([H])[C@@]2([H])CCC2=CC(=O)CC[C@]12C
DB02932	C[C@](O)(CS(=O)(=O)C1=CC=C(F)C=C1)C(=O)NC1=CC(=C(C=C1)C#N)C(F)(F)F
DB04839	[H][C@@]12C[C@]1([H])[C@@]1(C)C(=CC2=O)C(Cl)=C[C@@]2([H])[C@]3([H])CC[C@](OC(C)=O)(C(C)=O)[C@@]3(C)CC[C@]12[H]
DB06710	[H][C@@]12CC[C@](C)(O)[C@@]1(C)CC[C@@]1([H])[C@@]2([H])CCC2=CC(=O)CC[C@]12C
DB07423	CC(=O)NC1=CC=C(OC[C@](C)(O)C(=O)NC2=CC(=C(C=C2)[N+]([O-])=O)C(F)(F)F)C=C1
DB00536	NC(N)=N
DB00822	CCN(CC)C(=S)SSC(=S)N(CC)CC
DB02115	[H][C@]1(CO)O[C@@]([H])(OC2=CC=C3C(=O)C(=COC3=C2)C2=CC=C(O)C=C2)[C@]([H])(O)[C@@]([H])(O)[C@]1([H])O
DB00252	O=C1NC(=O)C(N1)(C1=CC=CC=C1)C1=CC=CC=C1
DB00273	[H][C@@]12CO[C@@]3(COS(N)(=O)=O)OC(C)(C)O[C@@]3([H])[C@]1([H])OC(C)(C)O2
DB01438	NC1=NC(N)=C(C=C1)\N=N\C1=CC=CC=C1
DB00361	[H][C@@]12N(C)C3=CC(OC)=C(C=C3[C@@]11CCN3CC=C[C@@](CC)([C@@H](OC(C)=O)[C@@]2(O)C(=O)OC)[C@@]13[H])[C@]1(C[C@@]2([H])CN(CC(CC)=C2)CC2=C1NC1=CC=CC=C21)C(=O)OC
DB00541	[H][C@@]12N3CC[C@@]11C4=CC(=C(OC)C=C4N(C=O)[C@@]1([H])[C@](O)([C@H](OC(C)=O)[C@]2(CC)C=CC3)C(=O)OC)[C@]1(C[C@]2([H])CN(C[C@](O)(CC)C2)CCC2=C1NC1=CC=CC=C21)C(=O)OC
DB00570	[H][C@@]12N(C)C3=C(C=C(C(OC)=C3)[C@]3(C[C@@H]4CN(C[C@](O)(CC)C4)CCC4=C3NC3=CC=CC=C43)C(=O)OC)[C@@]11CCN3CC=C[C@@](CC)([C@@H](OC(C)=O)[C@]2(O)C(=O)OC)[C@@]13[H]
DB01179	[H][C@]12COC(=O)[C@]1([H])[C@@H](C1=CC(OC)=C(OC)C(OC)=C1)C1=CC3=C(OCO3)C=C1[C@@H]2O
DB00724	CC(C)CN1C=NC2=C1C1=CC=CC=C1N=C2N
DB01611	CCN(CCO)CCCC(C)NC1=C2C=CC(Cl)=CC2=NC=C1
DB00514	[H][C@]12CC3=C(C=C(OC)C=C3)[C@@]3(CCCC[C@]13[H])CCN2C
DB01017	[H][C@@]12CC3=C(C(O)=CC=C3N(C)C)C(=O)C1=C(O)[C@]1(O)C(=O)C(C(N)=O)=C(O)[C@@H](N(C)C)[C@]1([H])C2
DB01120	[H][C@@]12CCC[C@]1([H])CN(C2)NC(=O)NS(=O)(=O)C1=CC=C(C)C=C1
DB00872	CC1=NC2=C(CCN(C(=O)C3=CC=C(NC(=O)C4=CC=CC=C4C4=CC=CC=C4)C=C3)C3=CC=CC=C23)N1
DB00290	C[C@@H](O)[C@H](NC(=O)[C@@H](C)[C@H](O)[C@@H](C)NC(=O)[C@@H](NC(=O)C1=C(C)C(N)=NC(=N1)[C@H](CC(N)=O)NC[C@H](N)C(N)=O)[C@@H](OC1OC(CO)C(O)C(O)C1OC1OC(CO)C(O)C(OC(N)=O)C1O)C1=CN=CN1)C(=O)NCCC1=NC(=CS1)C1=NC(=CS1)C(=O)NCCC[S+](C)C
DB00187	COC(=O)CCC1=CC=C(OCC(O)CNC(C)C)C=C1
DB00195	CC(C)NCC(O)COC1=CC=C(CCOCC2CC2)C=C1
DB00264	COCCC1=CC=C(OCC(O)CNC(C)C)C=C1
DB00368	NC[C@H](O)C1=CC(O)=C(O)C=C1
DB00373	CC(C)(C)NCC(O)COC1=NSN=C1N1CCOCC1
DB00571	CC(C)NCC(O)COC1=CC=CC2=CC=CC=C12
DB00612	CC(C)NCC(O)COC1=CC=C(COCCOC(C)C)C=C1
DB00668	CNC[C@H](O)C1=CC(O)=C(O)C=C1
DB00841	CC(CCC1=CC=C(O)C=C1)NCCC1=CC(O)=C(O)C=C1
DB01001	CC(C)(C)NCC(O)C1=CC(CO)=C(O)C=C1
DB01064	CC(C)NCC(O)C1=CC(O)=C(O)C=C1
DB01193	CCCC(=O)NC1=CC(C(C)=O)=C(OCC(O)CNC(C)C)C=C1
DB04861	OC(CNCC(O)C1CCC2=C(O1)C=CC(F)=C2)C1CCC2=C(O1)C=CC(F)=C2
DB00281	CCN(CC)CC(=O)NC1=C(C)C=CC=C1C
DB00296	CCCN1CCCC[C@H]1C(=O)NC1=C(C)C=CC=C1C
DB00527	CCCCOC1=NC2=CC=CC=C2C(=C1)C(=O)NCCN(CC)CC
DB00645	CCCCOC1=CC=C(C=C1)C(=O)CCN1CCCCC1
DB00721	CCN(CC)CCOC(=O)C1=CC=C(N)C=C1
DB00807	CCCOC1=C(N)C=C(C=C1)C(=O)OCCN(CC)CC
DB00892	CCCCOC1=C(N)C=CC(=C1)C(=O)OCCN(CC)CC
DB00961	CN1CCCCC1C(=O)NC1=C(C)C=CC=C1C
DB01086	CCOC(=O)C1=CC=C(N)C=C1
DB01173	CN(C)CCOC(C1=CC=CC=C1)C1=CC=CC=C1C
DB00583	C[N+](C)(C)C[C@H](O)CC([O-])=O
DB01074	C(C(C1CCCCC1)C1CCCCC1)C1CCCCN1
DB00203	CCCC1=NN(C)C2=C1NC(=NC2=O)C1=C(OCC)C=CC(=C1)S(=O)(=O)N1CCN(C)CC1
DB00820	[H][C@]12CC3=C(NC4=CC=CC=C34)[C@H](N1C(=O)CN(C)C2=O)C1=CC2=C(OCO2)C=C1
DB00862	CCCC1=NC(C)=C2N1NC(=NC2=O)C1=C(OCC)C=CC(=C1)S(=O)(=O)N1CCN(CC)CC1
DB00975	OCCN(CCO)C1=NC2=C(N=C(N=C2N2CCCCC2)N(CCO)CCO)C(=N1)N1CCCCC1
DB00128	N[C@@H](CC(O)=O)C(O)=O
DB01708	[H][C@@]12CCC(=O)[C@@]1(C)CC[C@@]1([H])[C@@]2([H])CC=C2C[C@@]([H])(O)CC[C@]12C
DB00379	CC(N)COC1=C(C)C=CC=C1C
DB00564	NC(=O)N1C2=CC=CC=C2C=CC2=CC=CC=C12
DB00740	NC1=NC2=C(S1)C=C(OC(F)(F)F)C=C2
DB00750	CCCNC(C)C(=O)NC1=CC=CC=C1C
DB00776	NC(=O)N1C2=CC=CC=C2CC(=O)C2=CC=CC=C12
DB01195	FC(F)(F)COC1=CC(C(=O)NCC2CCCCN2)=C(OCC(F)(F)F)C=C1
DB02877	C\C(=C/C1=CC=C(C=C1)C(O)=O)C1=CC=C2C(=C1)C(C)(C)CCC2(C)C
DB04942	CC1(C)CCC(C)(C)C2=C1C=CC(NC(=O)C1=CC=C(C=C1)C(O)=O)=C2
DB00222	CCC1=C(C)CN(C(=O)NCCC2=CC=C(C=C2)S(=O)(=O)NC(=O)NC2CCC(C)CC2)C1=O
DB00672	CCCNC(=O)NS(=O)(=O)C1=CC=C(Cl)C=C1
DB00731	CC(C)C1CC[C@@H](CC1)C(=O)N[C@H](CC1=CC=CC=C1)C(O)=O
DB00912	CCOC1=C(C=CC(CC(=O)N[C@@H](CC(C)C)C2=CC=CC=C2N2CCCCC2)=C1)C(O)=O
DB01067	CC1=CN=C(C=N1)C(=O)NCCC1=CC=C(C=C1)S(=O)(=O)NC(=O)NC1CCCCC1
DB01124	CCCCNC(=O)NS(=O)(=O)C1=CC=C(C)C=C1
DB01251	COC1=CC2=C(C=C1)C(C)(C)C(=O)N(CCC1=CC=C(C=C1)S(=O)(=O)NC(=O)NC1CCCCC1)C2=O
DB00302	NC[C@H]1CC[C@@H](CC1)C(O)=O
DB00513	NCCCCCC(O)=O
DB00197	CC1=C(C)C2=C(CCC(C)(COC3=CC=C(CC4SC(=O)NC4=O)C=C3)O2)C(C)=C1O
DB00412	CN(CCOC1=CC=C(CC2SC(=O)NC2=O)C=C1)C1=CC=CC=N1
DB01132	CCC1=CN=C(CCOC2=CC=C(CC3SC(=O)NC3=O)C=C2)C=C1
DB06228	ClC1=CC=C(S1)C(=O)NC[C@H]1CN(C(=O)O1)C1=CC=C(C=C1)N1CCOCC1=O
DB01373	[Ca]
DB01087	COC1=CC(NC(C)CCCN)=C2N=CC=CC2=C1
DB00178	[H][C@@]12CCC[C@]1([H])N([C@@H](C2)C(O)=O)C(=O)[C@H](C)N[C@@H](CCC1=CC=CC=C1)C(=O)OCC
DB00542	CCOC(=O)[C@H](CCC1=CC=CC=C1)N[C@H]1CCC2=CC=CC=C2N(CC(O)=O)C1=O
DB00584	CCOC(=O)[C@H](CCC1=CC=CC=C1)N[C@@H](C)C(=O)N1CCC[C@H]1C(O)=O
DB00691	CCOC(=O)[C@H](CCC1=CC=CC=C1)N[C@@H](C)C(=O)N1CC2=CC(OC)=C(OC)C=C2C[C@H]1C(O)=O
DB00790	[H][C@]12C[C@H](N(C(=O)[C@H](C)N[C@@H](CCC)C(=O)OCC)[C@@]1([H])CCCC2)C(O)=O
DB00881	CCOC(=O)[C@H](CCC1=CC=CC=C1)N[C@@H](C)C(=O)N1CC2=CC=CC=C2C[C@H]1C(O)=O
DB01197	C[C@H](CS)C(=O)N1CCC[C@H]1C(O)=O
DB01340	CCOC(=O)[C@H](CCC1=CC=CC=C1)N[C@H]1CCCN2CCC[C@H](N2C1=O)C(O)=O
DB01213	CC1=CNN=C1
DB00200	[H]O[Co+]N1\C2=C(C)/C3=N/C(=C\C4=N\C(=C(C)/C5=N[C@@](C)([C@@]1([H])[C@H](CC(=O)N)[C@@]2(C)CCC(=O)NC[C@@H](C)OP(=O)([O-])O[C@H]1[C@@H](O)[C@H](O[C@@H]1CO)N1C=NC2=CC(C)=C(C)C=C12)[C@@](C)(CC(N)=O)[C@@H]5CCC(=O)N)\[C@@](C)(CC(=O)N)[C@@H]4CCC(=O)N)/C(C)(C)[C@@H]3CCC(=O)N
DB00648	ClC(Cl)C(C1=CC=C(Cl)C=C1)C1=CC=CC=C1Cl
DB01367	C#CCN[C@@H]1CCC2=CC=CC=C12
DB00179	C[C@@H](CC1=CC(O)=C(O)C=C1)[C@H](C)CC1=CC(O)=C(O)C=C1
DB00233	NC1=CC(O)=C(C=C1)C(O)=O
DB00471	OC(=O)CC1(CC1)CS[C@H](CCC1=CC=CC=C1C(O)(C)C)C1=CC=CC(\C=C\C2=NC3=C(C=CC(Cl)=C3)C=C2)=C1
DB00744	CC(N(O)C(N)=O)C1=CC2=CC=CC=C2S1
DB01097	CC1=C(C=NO1)C(=O)NC1=CC=C(C=C1)C(F)(F)F
DB00242	NC1=C2N=CN([C@H]3C[C@H](O)[C@@H](CO)O3)C2=NC(Cl)=N1
DB00900	OC[C@@H]1CC[C@@H](O1)N1C=NC2=C1NC=NC2=O
DB01667	NC1=NC2=C(NN=N2)C(O)=N1
DB02857	NC1=NC2=C(N=CN2[C@@H]2O[C@@H](CO)[C@H](O)[C@H]2O)C(=O)N1
DB00600	OC1=CC=C(OCC2=CC=CC=C2)C=C1
DB00780	NNCCC1=CC=CC=C1
DB00331	CN(C)C(=N)NC(N)=N
DB03796	CCCCCCCCCCCCCCCC(O)=O
DB00811	NC(=O)C1=NN(C=N1)[C@@H]1O[C@H](CO)[C@@H](O)[C@H]1O
DB00480	NC1=CC=CC2=C1CN(C1CCC(=O)NC1=O)C2=O
DB00482	CC1=CC=C(C=C1)C1=CC(=NN1C1=CC=C(C=C1)S(N)(=O)=O)C(F)(F)F
DB00533	CS(=O)(=O)C1=CC=C(C=C1)C1=C(C(=O)OC1)C1=CC=CC=C1
DB00580	CC1=C(C(=NO1)C1=CC=CC=C1)C1=CC=C(C=C1)S(N)(=O)=O
DB01041	O=C1N(C2CCC(=O)NC2=O)C(=O)C2=CC=CC=C12
DB04743	CS(=O)(=O)NC1=C(OC2=CC=CC=C2)C=C(C=C1)[N+]([O-])=O
DB08597	C(CN1CCCCC1)OC1=CC=C(C=C1)C1=CN2N=CC(=C2N=C1)C1=CC=NC=C1
DB00232	CN1C(CCl)NC2=CC(Cl)=C(C=C2S1(=O)=O)S(N)(=O)=O
DB00381	CCOC(=O)C1=C(COCCN)NC(C)=C(C1C1=CC=CC=C1Cl)C(=O)OC
DB00423	COC1=CC=CC=C1OCC(O)COC(N)=O
DB00436	NS(=O)(=O)C1=CC2=C(NC(CC3=CC=CC=C3)NS2(=O)=O)C=C1C(F)(F)F
DB00703	CN1N=C(S\C1=N/C(C)=O)S(N)(=O)=O
DB00869	CCN[C@H]1C[C@H](C)S(=O)(=O)C2=C1C=C(S2)S(N)(=O)=O
DB00880	NS(=O)(=O)C1=C(Cl)C=C2NC=NS(=O)(=O)C2=C1
DB00999	NS(=O)(=O)C1=C(Cl)C=C2NCNS(=O)(=O)C2=C1
DB01021	NS(=O)(=O)C1=C(Cl)C=C2NC(NS(=O)(=O)C2=C1)C(Cl)Cl
DB01144	NS(=O)(=O)C1=CC(=C(Cl)C(Cl)=C1)S(N)(=O)=O
DB01194	CCN[C@H]1CN(CCCOC)S(=O)(=O)C2=C1C=C(S2)S(N)(=O)=O
DB00400	COC1=CC(OC)=C(Cl)C2=C1C(=O)[C@]1(O2)[C@H](C)CC(=O)C=C1OC
DB00370	CN1CCN2C(C1)C1=CC=CC=C1CC1=C2N=CC=C1
DB00484	BrC1=C(NC2=NCCN2)C=CC2=NC=CN=C12
DB00575	ClC1=CC=CC(Cl)=C1NC1=NCCN1
DB00633	C[C@H](C1=CNC=N1)C1=C(C)C(C)=CC=C1
DB00656	ClC1=CC=CC(=C1)N1CCN(CCCN2N=C3C=CC=CN3C2=O)CC1
DB00692	CC1=CC=C(C=C1)N(CC1=NCCN1)C1=CC(O)=CC=C1
DB00697	ClC1=C(NC2=NCCN2)C2=NSN=C2C=C1
DB00797	C(C1=NCCN1)C1=CC=CC=C1
DB00925	CC(COC1=CC=CC=C1)N(CCCl)CC1=CC=CC=C1
DB00935	CC1=CC(=C(O)C(C)=C1CC1=NCCN1)C(C)(C)C
DB00968	C[C@](N)(CC1=CC=C(O)C(O)=C1)C(O)=O
DB01392	[H][C@@]12CC[C@H](O)[C@H](C(=O)OC)[C@@]1([H])C[C@]1([H])N(CCC3=C1NC1=CC=CC=C31)C2
DB06148	CN1CCN2C(C1)C1=CC=CC=C1CC1=CC=CC=C21
DB06694	CC1=CC(=CC(C)=C1CC1=NCCN1)C(C)(C)C
DB06711	C(C1=NCCN1)C1=CC=CC2=CC=CC=C12
DB00216	CN1CCC[C@@H]1CC1=CNC2=C1C=C(CCS(=O)(=O)C1=CC=CC=C1)C=C2
DB00315	CN(C)CCC1=CNC2=CC=C(C[C@H]3COC(=O)N3)C=C12
DB00490	O=C1CC2(CCCC2)CC(=O)N1CCCCN1CCN(CC1)C1=NC=CC=N1
DB00669	CNS(=O)(=O)CC1=CC2=C(NC=C2CCN(C)C)C=C1
DB00952	CNS(=O)(=O)CCC1=CC2=C(NC=C2C2CCN(C)CC2)C=C1
DB01616	CCN(CCCC1=CC=CC=C1)CCCC1=CC=CC=C1
DB06684	NC(=O)C1=CC2=C(O1)C=CC(=C2)N1CCN(CCCCC2=CNC3=C2C=C(C=C3)C#N)CC1
DB00393	COCCOC(=O)C1=C(C)NC(C)=C(C1C1=CC(=CC=C1)[N+]([O-])=O)C(=O)OC(C)C
DB00728	[H][C@@]12C[C@@H]([C@H](OC(C)=O)[C@@]1(C)CC[C@@]1([H])[C@@]2([H])CC[C@@]2([H])C[C@H](O)[C@H](C[C@]12C)N1CCOCC1)[N+]1(CC=C)CCCC1
DB00889	CN1N=C(C(=O)NC2CC3CCCC(C2)N3C)C2=CC=CC=C12
DB01043	CC12CC3CC(C)(C1)CC(N)(C3)C2
DB00279	N[C@@H](CC1=CC(I)=C(OC2=CC(I)=C(O)C=C2)C(I)=C1)C(O)=O
DB00451	N[C@@H](CC1=CC(I)=C(OC2=CC(I)=C(O)C(I)=C2)C(I)=C1)C(O)=O
DB03604	OC(=O)CC1=CC(I)=C(OC2=CC=C(O)C(I)=C2)C(I)=C1
DB00115	OC[C@H]1O[C@@H]([C@H](O)[C@@H]1OP(O)(=O)O[C@]([H])(C)CNC(=O)CC[C@]1(C)[C@@H](CC(=O)N)[C@@]2([H])N([Co]C#N)\C1=C(C)/C1=N/C(=C\C3=N\C(=C(C)/C4=N[C@]2(C)[C@@](C)(CC(=O)N)[C@@H]4CCC(=O)N)\[C@@](C)(CC(=O)N)[C@@H]3CCC(=O)N)/C(C)(C)[C@@H]1CCC(=O)N)N1C=NC2=CC(C)=C(C)C=C12
DB00695	NS(=O)(=O)C1=C(Cl)C=C(NCC2=CC=CO2)C(=C1)C(O)=O
DB00293	CN(CC1=CC2=C(NC(C)=NC2=O)C=C1)C1=CC=C(S1)C(=O)N[C@@H](CCC(O)=O)C(O)=O
DB00322	OC[C@H]1O[C@H](C[C@@H]1O)N1C=C(F)C(=O)NC1=O
DB00432	OC[C@H]1O[C@H](C[C@@H]1O)N1C=C(C(=O)NC1=O)C(F)(F)F
DB00440	COC1=CC(CC2=CN=C(N)N=C2N)=CC(OC)=C1OC
DB00441	NC1=NC(=O)N(C=C1)[C@@H]1O[C@H](CO)[C@@H](O)C1(F)F
DB00544	FC1=CNC(=O)NC1=O
DB00642	NC1=NC(=O)C2=C(NC=C2CCC2=CC=C(C=C2)C(=O)N[C@H](CCC(O)=O)C(O)=O)N1
DB01101	CCCCCOC(=O)NC1=NC(=O)N(C=C1F)[C@@H]1O[C@H](C)[C@@H](O)[C@H]1O
DB00631	[H][C@]1(F)[C@H](O)[C@@H](CO)O[C@H]1N1C=NC2=C(N)N=C(Cl)N=C12
DB01005	NC(=O)NO
DB01073	NC1=C2N=CN([C@@H]3O[C@H](COP(O)(O)=O)[C@@H](O)[C@@H]3O)C2=NC(F)=N1
DB00980	CCC(=O)NCC[C@@H]1CCC2=C1C1=C(OCC1)C=C2
DB06594	COC1=CC2=C(C=CC=C2CCNC(C)=O)C=C1
DB02329	CC1(C)[C@@H](CC[C@]2(C)[C@@H]1CC[C@]1(C)[C@H]2C(=O)C=C2[C@@H]3C[C@@](C)(CC[C@@]3(C)CC[C@@]12C)C(O)=O)OC(=O)CCC(O)=O
DB00205	CCC1=C(C(N)=NC(N)=N1)C1=CC=C(Cl)C=C1
DB00563	CN(CC1=CN=C2N=C(N)N=C(N)C2=N1)C1=CC=C(C=C1)C(=O)N[C@@H](CCC(O)=O)C(O)=O
DB01157	COC1=CC(NCC2=C(C)C3=C(C=C2)N=C(N)N=C3N)=CC(OC)=C1OC
DB00609	CCC1=NC=CC(=C1)C(N)=S
DB00951	NNC(=O)C1=CC=NC=C1
DB03608	NC(=N)C1=CC=C(N\N=N\C2=CC=C(C=C2)C(N)=N)C=C1
DB00230	CC(C)C[C@H](CN)CC(O)=O
DB00836	CN(C)C(=O)C(CCN1CCC(O)(CC1)C1=CC=C(Cl)C=C1)(C1=CC=CC=C1)C1=CC=CC=C1
DB01244	CC(C)COCC(CN(CC1=CC=CC=C1)C1=CC=CC=C1)N1CCCC1
DB00140	CC1=C(C)C=C2N(C[C@H](O)[C@H](O)[C@H](O)CO)C3=NC(=O)NC(=O)C3=NC2=C1
DB00091	CCC1NC(=O)C(C(O)C(C)C\C=C\C)N(C)C(=O)C(C(C)C)N(C)C(=O)C(CC(C)C)N(C)C(=O)C(CC(C)C)N(C)C(=O)C(C)NC(=O)C(C)NC(=O)C(CC(C)C)N(C)C(=O)C(NC(=O)C(CC(C)C)N(C)C(=O)CN(C)C1=O)C(C)C
DB00402	CN1CCN(CC1)C(=O)O[C@@H]1N(C(=O)C2=NC=CN=C12)C1=NC=C(Cl)C=C1
DB00794	CCC1(C(=O)NCNC1=O)C1=CC=CC=C1
DB01205	CCOC(=O)C1=C2CN(C)C(=O)C3=C(C=CC(F)=C3)N2C=N1
DB01117	OC1=C([C@H]2CC[C@@H](CC2)C2=CC=C(Cl)C=C2)C(=O)C2=CC=CC=C2C1=O
DB02262	OC(=O)C1=CC(=O)NC(=O)N1
DB00673	C[C@@H](O[C@H]1OCCN(CC2=NNC(=O)N2)[C@H]1C1=CC=C(F)C=C1)C1=CC(=CC(=C1)C(F)(F)F)C(F)(F)F
DB01221	CNC1(CCCCC1=O)C1=CC=CC=C1Cl
DB06717	C[C@@H](O[C@H]1OCCN(CC2=NC(=O)N(N2)P(O)(O)=O)[C@H]1C1=CC=C(F)C=C1)C1=CC(=CC(=C1)C(F)(F)F)C(F)(F)F
DB01242	CN(C)CCCN1C2=CC=CC=C2CCC2=C1C=C(Cl)C=C2
DB00257	ClC1=CC=CC=C1C(N1C=CN=C1)(C1=CC=CC=C1)C1=CC=CC=C1
DB00468	[H][C@]1(C[C@@H]2CC[N@]1C[C@@H]2C=C)[C@H](O)C1=CC=NC2=CC=C(OC)C=C12
DB00949	NC(=O)OCC(COC(N)=O)C1=CC=CC=C1
DB00831	CN1CCN(CCCN2C3=CC=CC=C3SC3=C2C=C(C=C3)C(F)(F)F)CC1
DB01023	CCOC(=O)C1=C(C)NC(C)=C(C1C1=C(Cl)C(Cl)=CC=C1)C(=O)OC
DB01115	COC(=O)C1=C(C)NC(C)=C(C1C1=CC=CC=C1[N+]([O-])=O)C(=O)OC
DB00704	[H][C@@]12OC3=C(O)C=CC4=C3[C@@]11CCN(CC3CC3)[C@]([H])(C4)[C@]1(O)CCC2=O
DB00741	[H][C@@]12CC[C@](O)(C(=O)CO)[C@@]1(C)C[C@H](O)[C@@]1([H])[C@@]2([H])CCC2=CC(=O)CC[C@]12C
DB02701	NC(=O)C1=CC=CN=C1
DB00382	NC1=C2CCCCC2=NC2=CC=CC=C12
DB00483	[I-].[I-].[I-].CC[N+](CC)(CC)CCOC1=CC=CC(OCC[N+](CC)(CC)CC)=C1OCC[N+](CC)(CC)CC
DB00545	CN(C)C(=O)OC1=C[N+](C)=CC=C1
DB00674	[H][C@]12C[C@@H](O)C=C[C@]11CCN(C)CC3=C1C(O2)=C(OC)C=C3
DB00989	CCN(C)C(=O)OC1=CC=CC(=C1)[C@H](C)N(C)C
DB01245	C[N+](C)(C)CCCCCCCCCC[N+](C)(C)C
DB08167	CN(C)C1=CC2=[S+]C3=CC(=CC=C3N=C2C=C1)N(C)C
DB01169	O1[As]2O[As]1O2
DB00218	[H][C@]12CN(C[C@@]1([H])NCCC2)C1=C(F)C=C2C(=O)C(=CN(C3CC3)C2=C1OC)C(O)=O
DB00467	CCN1C=C(C(O)=O)C(=O)C2=CC(F)=C(N=C12)N1CCNCC1
DB00487	CCN1C=C(C(O)=O)C(=O)C2=CC(F)=C(C=C12)N1CCN(C)CC1
DB00537	OC(=O)C1=CN(C2CC2)C2=CC(N3CCNCC3)=C(F)C=C2C1=O
DB00978	CCN1C=C(C(O)=O)C(=O)C2=CC(F)=C(N3CCNC(C)C3)C(F)=C12
DB01059	CCN1C=C(C(O)=O)C(=O)C2=CC(F)=C(C=C12)N1CCNCC1
DB01137	C[C@H]1COC2=C3N1C=C(C(O)=O)C(=O)C3=CC(F)=C2N1CCN(C)CC1
DB01165	CC1COC2=C3N1C=C(C(O)=O)C(=O)C3=CC(F)=C2N1CCN(C)CC1
DB01208	C[C@H]1CN(C[C@@H](C)N1)C1=C(F)C(N)=C2C(=O)C(=CN(C3CC3)C2=C1F)C(O)=O
DB04576	CN1CCN(CC1)C1=C(F)C=C2C(=O)C(=CN(CCF)C2=C1F)C(O)=O
DB00270	COC(=O)C1=C(C)NC(C)=C(C1C1=CC=CC2=NON=C12)C(=O)OC(C)C
DB00401	COC(=O)C1=C(C)NC(C)=C(C1C1=CC=CC=C1[N+]([O-])=O)C(=O)OCC(C)C
DB01054	CCOC(=O)C1=C(C)NC(C)=C(C1C1=CC(=CC=C1)[N+]([O-])=O)C(=O)OC
DB06712	COC(=O)C1=C(NC(C)=C(C1C1=CC(=CC=C1)[N+]([O-])=O)C(=O)OC(C)C)C#N
DB00235	CC1=C(C=C(C#N)C(=O)N1)C1=CC=NC=C1
DB00261	ClC1=CC=C2N=C3NC(=O)CN3CC2=C1Cl
DB00922	C[C@@H]1CC(=O)NN=C1C1=CC=C(NN=C(C#N)C#N)C=C1
DB01166	O=C1CCC2=C(N1)C=CC(OCCCCC1=NN=NN1C1CCCCC1)=C2
DB00283	CN1CCC[C@@H]1CCO[C@](C)(C1=CC=CC=C1)C1=CC=C(Cl)C=C1
DB00341	OC(=O)COCCN1CCN(CC1)C(C1=CC=CC=C1)C1=CC=C(Cl)C=C1
DB00455	CCOC(=O)N1CCC(CC1)=C1C2=C(CCC3=C1N=CC=C3)C=C(Cl)C=C2
DB00557	OCCOCCN1CCN(CC1)C(C1=CC=CC=C1)C1=CC=C(Cl)C=C1
DB00719	CN1CCC(CC1)=C1C2=CC=CC=C2CCC2=C1N=CC=C2
DB00737	CC1=CC(CN2CCN(CC2)C(C2=CC=CC=C2)C2=CC=C(Cl)C=C2)=CC=C1
DB00768	CN(C)CC\C=C1\C2=CC=CC=C2COC2=C1C=C(CC(O)=O)C=C2
DB00792	CN(C)CCN(CC1=CC=CC=C1)C1=CC=CC=N1
DB00920	CN1CCC(CC1)=C1C2=C(SC=C2)C(=O)CC2=CC=CC=C12
DB00950	CC(C)(C(O)=O)C1=CC=C(C=C1)C(O)CCCN1CCC(CC1)C(O)(C1=CC=CC=C1)C1=CC=CC=C1
DB00967	ClC1=CC2=C(C=C1)C(=C1CCNCC1)C1=C(CC2)C=CC=N1
DB00972	CN1CCCC(CC1)N1N=C(CC2=CC=C(Cl)C=C2)C2=CC=CC=C2C1=O
DB01075	CN(C)CCOC(C1=CC=CC=C1)C1=CC=CC=C1
DB01114	CN(C)CCC(C1=CC=C(Cl)C=C1)C1=CC=CC=N1
DB01176	CN1CCN(CC1)C(C1=CC=CC=C1)C1=CC=CC=C1
DB01620	CN(C)CCC(C1=CC=CC=C1)C1=CC=CC=N1
DB04890	OC(=O)CCCN1CCC(CC1)OC(C1=CC=C(Cl)C=C1)C1=CC=CC=N1
DB06698	CNCCC1=CC=CC=N1
DB08799	C(N(CC1=CC=CC=C1)C1=CC=CC=C1)C1=NCCN1
DB08800	CN(C)CCN(CC1=CC=C(Cl)C=C1)C1=CC=CC=N1
DB00472	CNCCC(OC1=CC=C(C=C1)C(F)(F)F)C1=CC=CC=C1
DB00924	CN(C)CCC=C1C2=CC=CC=C2C=CC2=CC=CC=C12
DB04599	COC1=CC=C(C=C1)C(=O)N1CCCC1=O
DB06288	CCN1CCCC1CNC(=O)C1=CC(=C(N)C=C1OC)S(=O)(=O)CC
DB00104	C[C@@H](O)[C@@H](CO)NC(=O)[C@@H]1CSSC[C@H](NC(=O)[C@H](N)CC2=CC=CC=C2)C(=O)N[C@@H](CC2=CC=CC=C2)C(=O)N[C@H](CC2=CNC3=C2C=CC=C3)C(=O)N[C@@H](CCCCN)C(=O)N[C@@H](C(C)O)C(=O)N1
DB01143	NCCCNCCSP(O)(O)=O
DB00953	CN(C)CCC1=CNC2=C1C=C(CN1C=NC=N1)C=C2
DB00188	CC(C)C[C@H](NC(=O)[C@H](CC1=CC=CC=C1)NC(=O)C1=CN=CC=N1)B(O)O
DB00593	CCC1(C)CC(=O)NC1=O
DB01113	COC1=C(OC)C=C(CC2=NC=CC3=CC(OC)=C(OC)C=C23)C=C1
DB01954	[H][C@]1(CNC(=O)C1)C1=CC(OC2CCCC2)=C(OC)C=C1
DB03849	COC1=CC=C(C=C1OC1CCCC1)[C@@]1(CC[C@@H](CC1)C(O)=O)C#N
DB04149	COC1=CC=C(C=C1OC1CCCC1)[C@@H]1CNC(=O)C1
DB00808	CC1CC2=CC=CC=C2N1NC(=O)C1=CC(=C(Cl)C=C1)S(N)(=O)=O
DB00346	COC1=C(OC)C=C2C(N)=NC(=NC2=C1)N(C)CCCNC(=O)C1CCCO1
DB00388	CNC[C@H](O)C1=CC(O)=CC=C1
DB00450	FC1=CC=C(C=C1)C(=O)CCCN1CCC(=CC1)N1C(=O)NC2=CC=CC=C12
DB00706	CCOC1=CC=CC=C1OCCN[C@H](C)CC1=CC(=C(OC)C=C1)S(N)(=O)=O
DB00389	CCOC(=O)N1C=CN(C)C1=S
DB00550	CCCC1=CC(=O)NC(=S)N1
DB00763	CN1C=CNC1=S
DB01259	CS(=O)(=O)CCNCC1=CC=C(O1)C1=CC2=C(C=C1)N=CN=C2NC1=CC(Cl)=C(OCC2=CC(F)=CC=C2)C=C1
DB00227	[H][C@]12[C@H](C[C@@H](C)C=C1C=C[C@H](C)[C@@H]2CC[C@@H]1C[C@@H](O)CC(=O)O1)OC(=O)[C@@H](C)CC
DB00627	OC(=O)C1=CN=CC=C1
DB00445	COC1=CC=CC2=C1C(=O)C1=C(O)C3=C(C[C@](O)(C[C@@H]3O[C@H]3C[C@H](N)[C@@H](O)[C@H](C)O3)C(=O)CO)C(O)=C1C2=O
DB01280	COC1=NC(N)=NC2=C1N=CN2[C@@H]1O[C@H](CO)[C@@H](O)[C@@H]1O
DB00356	ClC1=CC2=C(OC(=O)N2)C=C1
DB01003	OC(COC1=CC=CC2=C1C(=O)C=C(O2)C(O)=O)COC1=CC=CC2=C1C(=O)C=C(O2)C(O)=O
DB00351	[H][C@@]12CC[C@](OC(C)=O)(C(C)=O)[C@@]1(C)CC[C@@]1([H])[C@@]2([H])C=CC2=CC(=O)CC[C@]12C
DB00378	[H][C@@]12CC[C@H](C(C)=O)[C@@]1(C)CC[C@]1([H])[C@@]2([H])C=CC2=CC(=O)CC[C@@]12C
DB00588	[H][C@@]12C[C@@H](C)[C@](OC(=O)CC)(C(=O)SCF)[C@@]1(C)C[C@H](O)[C@@]1(F)[C@@]2([H])C[C@H](F)C2=CC(=O)C=C[C@]12C
DB00717	[H][C@@]12CC[C@@](O)(C#C)[C@@]1(C)CC[C@]1([H])[C@@]3([H])CCC(=O)C=C3CC[C@@]21[H]
DB00834	[H][C@@]12CC[C@@](O)(C#CC)[C@@]1(C)C[C@H](C1=CC=C(C=C1)N(C)C)C1=C3CCC(=O)C=C3CC[C@@]21[H]
DB01019	CC(C[N+](C)(C)C)OC(N)=O
DB00292	CCOC(=O)C1=CN=CN1[C@H](C)C1=CC=CC=C1
DB00641	[H][C@]12[C@H](C[C@@H](C)C=C1C=C[C@H](C)[C@@H]2CC[C@@H]1C[C@@H](O)CC(=O)O1)OC(=O)C(C)(C)CC
DB01095	CC(C)N1C(\C=C\[C@@H](O)C[C@@H](O)CC(O)=O)=C(C2=CC=CC=C12)C1=CC=C(F)C=C1
DB06693	[H][C@@](O)(CC[C@@]1([H])[C@@]([H])(C)C=CC2=CCC[C@]([H])(OC(=O)[C@@]([H])(C)CC)[C@]12[H])C[C@@]([H])(O)CC(O)=O
DB00391	CCN1CCCC1CNC(=O)C1=C(OC)C=CC(=C1)S(N)(=O)=O
DB01184	ClC1=CC2=C(C=C1)N(C1CCN(CCCN3C(=O)NC4=CC=CC=C34)CC1)C(=O)N2
DB01698	C[C@@H]1O[C@H](OC[C@@H]2O[C@H](OC3=C(OC4=CC(O)=CC(O)=C4C3=O)C3=CC=C(O)C(O)=C3)[C@@H](O)[C@H](O)[C@H]2O)[C@@H](O)[C@H](O)[C@H]1O
DB00287	CC(C)OC(=O)CCC\C=C/C[C@H]1[C@@H](O)C[C@@H](O)[C@@H]1\C=C\[C@@H](O)COC1=CC=CC(=C1)C(F)(F)F
DB01586	[H][C@@]1(CC[C@@]2([H])[C@]3([H])[C@@H](O)C[C@]4([H])C[C@H](O)CC[C@]4(C)[C@@]3([H])CC[C@]12C)[C@H](C)CCC(O)=O
DB06999	CCCS(=O)(=O)NC1=C(F)C(C(=O)C2=CNC3=NC=C(Cl)C=C23)=C(F)C=C1
DB00915	NC12CC3CC(CC(C3)C1)C2
DB00262	ClCCNC(=O)N(CCCl)N=O
DB01103	CCN(CC)CCCC(C)NC1=C2C=C(OC)C=CC2=NC2=C1C=CC(Cl)=C2
DB00918	CN(C)CCC1=CNC2=C1C=C(CS(=O)(=O)N1CCCC1)C=C2
DB00982	C\C(\C=C\C1=C(C)CCCC1(C)C)=C/C=C/C(/C)=C\C(O)=O
DB00700	[H][C@@]12CC[C@@]3(CCC(=O)O3)[C@@]1(C)C[C@H]1O[C@@]11[C@@]2([H])[C@@H](CC2=CC(=O)CC[C@]12C)C(=O)OC
DB00914	NC(=N)NC(=N)NCCC1=CC=CC=C1
DB00343	COC1=CC=C(C=C1)[C@@H]1SC2=CC=CC=C2N(CCN(C)C)C(=O)[C@@H]1OC(C)=O
DB01083	CCCCCCCCCCC[C@@H](C[C@@H]1OC(=O)[C@H]1CCCCCC)OC(=O)[C@H](CC(C)C)NC=O
DB04838	CC1CC(CC(C)(C)C1)OC(=O)C(O)C1=CC=CC=C1
DB00867	C[C@H](NCCC1=CC=C(O)C=C1)[C@H](O)C1=CC=C(O)C=C1
DB00983	COC1=CC=C(CC(C)NCC(O)C2=CC(NC=O)=C(O)C=C2)C=C1
DB01366	CC[C@H](NC(C)C)[C@H](O)C1=C2C=CC(=O)NC2=C(O)C=C1
DB05039	CCC1=C(CC)C=C2CC(CC2=C1)NC[C@H](O)C1=C2C=CC(=O)NC2=C(O)C=C1
DB00337	[H][C@]12O[C@](O)([C@H](C)C[C@@H]1OC)C(=O)C(=O)N1CCCC[C@@]1([H])C(=O)O[C@@H]([C@@H](C)[C@@H](O)CC(=O)[C@H](CC)\C=C(C)/C[C@H](C)C[C@@H]2OC)C(\C)=C\[C@@H]1CC[C@H](Cl)[C@@H](C1)OC
DB00864	CO[C@@H]1C[C@@H](CC[C@H]1O)\C=C(/C)[C@H]1OC(=O)[C@@H]2CCCCN2C(=O)C(=O)[C@]2(O)O[C@@H]([C@H](C[C@H]2C)OC)[C@H](C[C@@H](C)C\C(C)=C\[C@@H](CC=C)C(=O)C[C@H](O)[C@H]1C)OC
DB00877	[H][C@@]1(C[C@H](C)[C@]2([H])CC(=O)[C@H](C)\C=C(C)\[C@@H](O)[C@@H](OC)C(=O)[C@H](C)C[C@H](C)\C=C\C=C\C=C(C)\[C@H](C[C@]3([H])CC[C@@H](C)[C@@](O)(O3)C(=O)C(=O)N3CCCC[C@@]3([H])C(=O)O2)OC)CC[C@@H](O)[C@@H](C1)OC
DB00608	CCN(CC)CCCC(C)NC1=C2C=CC(Cl)=CC2=NC=C1
DB01411	O=C(NC1=CC2=C(C=C1)C(=O)C=C(O2)C1=NNN=N1)C1=CC=C(OCCCCC2=CC=CC=C2)C=C1
DB00498	O=C1C(C(=O)C2=CC=CC=C12)C1=CC=CC=C1
DB00682	CC(=O)CC(C1=CC=CC=C1)C1=C(O)C2=C(OC1=O)C=CC=C2
DB00851	CN(C)N=NC1=C(N=CN1)C(N)=O
DB00688	COC1=C(C\C=C(/C)CCC(=O)OCCN2CCOCC2)C(O)=C2C(=O)OCC2=C1C
DB01024	COC1=C(C\C=C(/C)CCC(O)=O)C(O)=C2C(=O)OCC2=C1C
DB00390	[H][C@]12CC[C@]3([H])[C@]([H])(C[C@@H](O)[C@]4(C)[C@H](CC[C@]34O)C3=CC(=O)OC3)[C@@]1(C)CC[C@@H](C2)O[C@H]1C[C@H](O)[C@H](O[C@H]2C[C@H](O)[C@H](O[C@H]3C[C@H](O)[C@H](O)[C@@H](C)O3)[C@@H](C)O2)[C@@H](C)O1
DB01092	[H][C@@]12CC[C@]3(O)C[C@H](C[C@@H](O)[C@]3(CO)[C@@]1([H])[C@H](O)C[C@]1(C)[C@H](CC[C@]21O)C1=CC(=O)OC1)O[C@@H]1O[C@@H](C)[C@H](O)[C@@H](O)[C@H]1O
DB01178	CN1C(C2=CC=C(Cl)C=C2)S(=O)(=O)CCC1=O
DB00184	CN1CCCC1C1=CN=CC=C1
DB00565	[O-]S(=O)(=O)C1=CC=CC=C1.[O-]S(=O)(=O)C1=CC=CC=C1.COC1=C(OC)C=C(C[C@@H]2C3=CC(OC)=C(OC)C=C3CC[N@+]2(C)CCC(=O)OCCCCCOC(=O)CC[N@@+]2(C)CCC3=CC(OC)=C(OC)C=C3[C@H]2CC2=CC(OC)=C(OC)C=C2)C=C1
DB00732	[O-]S(=O)(=O)C1=CC=CC=C1.[O-]S(=O)(=O)C1=CC=CC=C1.COC1=CC2=C(C=C1OC)C(CC1=CC(OC)=C(OC)C=C1)[N+](C)(CCC(=O)OCCCCCOC(=O)CC[N+]1(C)CCC3=C(C=C(OC)C(OC)=C3)C1CC1=CC(OC)=C(OC)C=C1)CC2
DB01339	[H][C@@]12C[C@@H]([C@H](OC(C)=O)[C@@]1(C)CC[C@@]1([H])[C@@]2([H])CC[C@@]2([H])C[C@H](OC(C)=O)[C@H](C[C@]12C)N1CCCCC1)[N+]1(C)CCCCC1
DB00380	C[C@@H](CN1CC(=O)NC(=O)C1)N1CC(=O)NC(=O)C1
DB00444	[H][C@]12COC(=O)[C@]1([H])[C@H](C1=CC(OC)=C(O)C(OC)=C1)C1=CC3=C(OCO3)C=C1[C@H]2O[C@@H]1O[C@]2([H])COC(O[C@@]2([H])[C@H](O)[C@H]1O)C1=CC=CS1
DB00694	COC1=CC=CC2=C1C(=O)C1=C(O)C3=C(C[C@](O)(C[C@@H]3O[C@H]3C[C@H](N)[C@H](O)[C@H](C)O3)C(C)=O)C(O)=C1C2=O
DB00773	[H][C@]12COC(=O)[C@]1([H])[C@H](C1=CC(OC)=C(O)C(OC)=C1)C1=CC3=C(OCO3)C=C1[C@H]2O[C@@H]1O[C@]2([H])CO[C@@H](C)O[C@@]2([H])[C@H](O)[C@H]1O
DB00997	COC1=CC=CC2=C1C(=O)C1=C(O)C3=C(C[C@](O)(C[C@@H]3O[C@H]3C[C@H](N)[C@H](O)[C@H](C)O3)C(=O)CO)C(O)=C1C2=O
DB01177	C[C@@H]1O[C@H](C[C@H](N)[C@@H]1O)O[C@H]1C[C@@](O)(CC2=C1C(O)=C1C(=O)C3=CC=CC=C3C(=O)C1=C2O)C(C)=O
DB01204	OCCNCCNC1=C2C(=O)C3=C(O)C=CC(O)=C3C(=O)C2=C(NCCNCCO)C=C1
DB00433	CN1CCN(CCCN2C3=CC=CC=C3SC3=C2C=C(Cl)C=C3)CC1
DB01425	COC1=CC2=NNN=C2C=C1C(=O)NCC1CCCN1CC=C
DB00317	COC1=C(OCCCN2CCOCC2)C=C2C(NC3=CC(Cl)=C(F)C=C3)=NC=NC2=C1
DB00530	COCCOC1=C(OCCOC)C=C2C(NC3=CC=CC(=C3)C#C)=NC=NC2=C1
DB03496	CN1CC[C@@H]([C@H](O)C1)C1=C(O)C=C(O)C2=C1OC(=CC2=O)C1=CC=CC=C1Cl
DB00399	OC(CN1C=CN=C1)(P(O)(O)=O)P(O)(O)=O
DB00630	NCCCC(O)(P(O)(O)=O)P(O)(O)=O
DB00710	CCCCCN(C)CCC(O)(P(O)(O)=O)P(O)(O)=O
DB00884	OC(CC1=CN=CC=C1)(P(O)(O)=O)P(O)(O)=O
DB00136	C[C@H](CCCC(C)(C)O)[C@@]1([H])CC[C@@]2([H])\C(CCC[C@]12C)=C\C=C1\C[C@@H](O)C[C@H](O)C1=C
DB00146	C[C@H](CCCC(C)(C)O)[C@@]1([H])CC[C@@]2([H])\C(CCC[C@]12C)=C\C=C1\C[C@@H](O)CCC1=C
DB00153	CC(C)[C@@H](C)\C=C\[C@@H](C)[C@@]1([H])CC[C@@]2([H])\C(CCC[C@]12C)=C\C=C1\C[C@@H](O)CCC1=C
DB00169	CC(C)CCC[C@@H](C)[C@@]1([H])CC[C@@]2([H])\C(CCC[C@]12C)=C\C=C1\C[C@@H](O)CCC1=C
DB01436	CC(C)CCC[C@@H](C)[C@@]1([H])CC[C@@]2([H])\C(CCC[C@]12C)=C\C=C1\C[C@@H](O)C[C@H](O)C1=C
DB04258	CCC(O)(CC)\C=C\C=C\[C@@H](C)[C@H]1CC[C@@H]2\C(CCC[C@@]12C)=C/C=C1/C[C@H](O)C[C@@H](O)C1=C
DB00180	[H][C@@]12C[C@@]3([H])[C@]4([H])C[C@H](F)C5=CC(=O)C=C[C@]5(C)[C@@]4([H])[C@@H](O)C[C@]3(C)[C@@]1(OC(C)(C)O2)C(=O)CO
DB00443	[H][C@@]12C[C@H](C)[C@](O)(C(=O)CO)[C@@]1(C)C[C@H](O)[C@@]1(F)[C@@]2([H])CCC2=CC(=O)C=C[C@]12C
DB00591	[H][C@@]12C[C@@]3([H])[C@]4([H])C[C@]([H])(F)C5=CC(=O)C=C[C@]5(C)[C@@]4(F)[C@@H](O)C[C@]3(C)[C@@]1(OC(C)(C)O2)C(=O)CO
DB00596	[H][C@]1(F)CC2C3C[C@H](C)[C@](OC(=O)CC)(C(=O)CCl)C3(C)CC(O)[C@]2(F)C2(C)C=CC(=O)C=C12
DB00620	[H][C@@]12C[C@@H](O)[C@](O)(C(=O)CO)[C@@]1(C)C[C@H](O)[C@@]1(F)[C@@]2([H])CCC2=CC(=O)C=C[C@]12C
DB00635	[H][C@@]12CC[C@](O)(C(=O)CO)[C@@]1(C)CC(=O)[C@@]1([H])[C@@]2([H])CCC2=CC(=O)C=C[C@]12C
DB00663	C[C@@H]1C[C@H]2[C@@H]3C[C@H](F)C4=CC(=O)C=C[C@]4(C)[C@@]3(F)[C@@H](O)C[C@]2(C)[C@@]1(O)C(=O)COC(=O)C(C)(C)C
DB00860	[H][C@@]12CC[C@](O)(C(=O)CO)[C@@]1(C)C[C@H](O)[C@@]1([H])[C@@]2([H])CCC2=CC(=O)C=C[C@]12C
DB00959	[H][C@@]12CC[C@](O)(C(=O)CO)[C@@]1(C)C[C@H](O)[C@@]1([H])[C@@]2([H])C[C@H](C)C2=CC(=O)C=C[C@]12C
DB01013	[H][C@@]12C[C@H](C)[C@](OC(=O)CC)(C(=O)CCl)[C@@]1(C)C[C@H](O)[C@@]1(F)[C@@]2([H])CCC2=CC(=O)C=C[C@]12C
DB01047	[H][C@@]12C[C@@]3([H])[C@]4([H])C[C@]([H])(F)C5=CC(=O)C=C[C@]5(C)[C@@]4(F)[C@@H](O)C[C@]3(C)[C@@]1(OC(C)(C)O2)C(=O)COC(C)=O
DB01222	[H][C@@]12C[C@H]3OC(CCC)O[C@@]3(C(=O)CO)[C@@]1(C)C[C@H](O)[C@@]1([H])[C@@]2([H])CCC2=CC(=O)C=C[C@]12C
DB01260	[H][C@@]12C[C@@]3([H])[C@]4([H])CCC5=CC(=O)C=C[C@]5(C)[C@@]4([H])[C@@H](O)C[C@]3(C)[C@@]1(OC(C)(C)O2)C(=O)CO
DB01380	[H][C@@]12CC[C@](O)(C(=O)COC(C)=O)[C@@]1(C)CC(=O)[C@@]1([H])[C@@]2([H])CCC2=CC(=O)CC[C@]12C
DB06781	[H][C@@]12CC[C@](OC(=O)CCC)(C(=O)COC(C)=O)[C@@]1(C)C[C@H](O)[C@@]1(F)[C@@]2([H])C[C@H](F)C2=CC(=O)C=C[C@]12C
DB00260	N[C@@H]1CONC1=O
DB00284	C[C@H]1O[C@H](O[C@@H]2[C@@H](CO)O[C@H](O[C@@H]3[C@@H](CO)O[C@@H](O)[C@H](O)[C@H]3O)[C@H](O)[C@H]2O)[C@H](O)[C@@H](O)[C@@H]1N[C@H]1C=C(CO)[C@H](O)[C@H](O)[C@H]1O
DB00491	OCCN1C[C@H](O)[C@@H](O)[C@H](O)[C@H]1CO
DB04878	OCC(CO)N[C@H]1C[C@](O)(CO)[C@@H](O)[C@H](O)[C@H]1O
DB04751	[H][C@@](CO)(NC1=NC(NC2=CC=CC(Cl)=C2)=C2N=CN(C(C)C)C2=N1)C(C)C
DB08052	NC1=C2C(=NC=N1)N(N=C2C1=CC2=C(NC=C2)N=C1)C1CCCC1
DB01273	[H][C@]12C[C@]([H])(CNC1)C1=CC3=NC=CN=C3C=C21
DB01261	N[C@@H](CC(=O)N1CCN2C(C1)=NN=C2C(F)(F)F)CC1=CC(F)=C(F)C=C1F
DB04876	OC12CC3CC(C1)CC(C3)(C2)NCC(=O)N1CCC[C@H]1C#N
DB06335	N[C@H](C(=O)N1[C@H]2C[C@H]2C[C@H]1C#N)C12CC3CC(CC(O)(C3)C1)C2
DB07101	[H][C@@](O)(CO)CONC(=O)C1=C(NC2=CC=C(I)C=C2F)C(F)=C(F)C=C1
DB00928	NC1=NC(=O)N(C=N1)[C@@H]1O[C@H](CO)[C@@H](O)[C@H]1O
DB01262	NC1=NC(=O)N(C=N1)[C@H]1C[C@H](O)[C@@H](CO)O1
DB00848	C1CN2C[C@@H](N=C2S1)C1=CC=CC=C1
DB00995	CCP(CC)(CC)=[Au]S[C@@H]1O[C@H](COC(C)=O)[C@@H](OC(C)=O)[C@H](OC(C)=O)[C@H]1OC(C)=O
DB03793	OC(=O)C1=CC=CC=C1
DB00626	CC[C@H](C)[C@H](N)C1=N[C@@H](CS1)C(=O)N[C@@H](CC(C)C)C(=O)N[C@H](CCC(O)=O)C(=O)N[C@@H]([C@@H](C)CC)C(=O)N[C@H]1CCCCNC(=O)[C@H](CC(N)=O)NC(=O)[C@@H](CC(O)=O)NC(=O)[C@H](CC2=CNC=N2)NC(=O)[C@@H](CC2=CC=CC=C2)NC(=O)[C@@H](NC(=O)[C@@H](CCCN)NC1=O)[C@@H](C)CC
DB00198	CCOC(=O)C1=C[C@@H](OC(CC)CC)[C@H](NC(C)=O)[C@@H](N)C1
DB06809	C(N1CCCNCCNCCCNCC1)C1=CC=C(CN2CCCNCCNCCCNCC2)C=C1
DB02733	[H][C@@](CO)(NC1=NC2=C(N=CN2C(C)C)C(NC2=CC=C(C(O)=O)C(Cl)=C2)=N1)C(C)C
DB00446	OC[C@@H](NC(=O)C(Cl)Cl)[C@H](O)C1=CC=C(C=C1)[N+]([O-])=O
DB01250	OC(=O)C1=CC(=CC=C1O)\N=N\C1=CC=C(O)C(=C1)C(O)=O
DB08059	[H][C@@]12CCC(=O)[C@@]1(C)C[C@@]([H])(OC(C)=O)C1=C2C(=O)C2=C3C(=CO2)C(=O)O[C@]([H])(COC)[C@]13C
DB01045	CO[C@H]1\C=C\O[C@@]2(C)OC3=C(C2=O)C2=C(O)C(\C=N\N4CCN(C)CC4)=C(NC(=O)\C(C)=C/C=C/[C@H](C)[C@H](O)[C@@H](C)[C@@H](O)[C@@H](C)[C@H](OC(C)=O)[C@@H]1C)C(O)=C2C(O)=C3C
DB01220	CO[C@H]1\C=C\O[C@@]2(C)OC3=C(C)C(O)=C4C(O)=C(NC(=O)\C(C)=C/C=C/[C@H](C)[C@H](O)[C@@H](C)[C@@H](O)[C@@H](C)[C@H](OC(C)=O)[C@@H]1C)C1=C(N=C5C=C(C)C=CN15)C4=C3C2=O
DB01034	CC=CCC=CCCC(=O)[C@H]1O[C@H]1C(N)=O
DB03419	O=C1NC=CC(=O)N1
DB04690	CC[C@@]1(O)C(=O)OCC2=C1C=C1N(CC3=CC4=CC=CC=C4N=C13)C2=O
DB01202	CC[C@@H](N1CCCC1=O)C(N)=O
DB08162	O=S(=O)(N1CCCNCC1)C1=CC=CC2=C1C=CN=C2
DB08756	[H][C@](C)(N)[C@@]1([H])CC[C@@]([H])(CC1)C(=O)NC1=CC=NC=C1
DB03044	CC1=CC=C(C=C1)N1N=C(C=C1NC(=O)NC1=CC=C(OCCN2CCOCC2)C2=C1C=CC=C2)C(C)(C)C
DB07941	CNC(=O)C1=CC=C(C)C(=C1)N1C(C)=CC(OCC2=C(F)C=C(F)C=C2)=C(Br)C1=O
DB00778	CC[C@H]1OC(=O)[C@H](C)[C@@H](O[C@H]2C[C@@](C)(OC)[C@@H](O)[C@H](C)O2)[C@H](C)[C@@H](O[C@@H]2O[C@H](C)C[C@@H]([C@H]2O)N(C)C)[C@](C)(O)C[C@@H](C)C(=NOCOCCOC)[C@H](C)[C@@H](O)[C@]1(C)O
DB00847	NCCS
DB00535	[H][C@]12SCC(C=C)=C(N1C(=O)[C@H]2NC(=O)C(=N/O)\C1=CSC(N)=N1)C(O)=O
DB00759	[H][C@@]12C[C@@]3([H])C(=C(O)[C@]1(O)C(=O)C(C(N)=O)=C(O)[C@H]2N(C)C)C(=O)C1=C(O)C=CC=C1[C@@]3(C)O
DB00615	CO[C@H]1\C=C\O[C@@]2(C)OC3=C(C2=O)C2=C(C(O)=C3C)C(=O)C(NC(=O)\C(C)=C/C=C/[C@H](C)[C@H](O)[C@@H](C)[C@@H](O)[C@@H](C)[C@H](OC(C)=O)[C@@H]1C)=C1NC3(CCN(CC3)CC(C)C)N=C21
DB02424	CO[C@@H]1C[C@@H](C)CC2=C(OC)C(=O)C=C(NC(=O)\C(C)=C/C=C\[C@@H](OC)[C@H](OC(N)=O)\C(C)=C/[C@@H](C)[C@H]1O)C2=O
DB07594	CCC1=C(O)C=C(O)C(=C1)C1=C(C(C)=NN1)C1=CC=C2OCCOC2=C1
DB07615	COC1=CC=C(\C=C\C(=O)NC2=CC=CC=C2C(O)=O)C=C1OC
DB08313	COC(=O)NC1=NC2=CC=C(C=C2N1)C(=O)C1=CC=CS1
DB03880	[H][C@@](CC1=CC=CC=C1)(NC(=O)[C@]([H])(CC(C)C)[C@]([H])(CSC1=CC=CS1)C(=O)NO)C(=O)NC
DB01933	CN[C@@H]1C[C@@H]2O[C@](C)([C@@H]1OC)N1C3=C(C=CC=C3)C3=C1C1=C(C4=C(C=CC=C4)N21)C1=C3[C@H](O)NC1=O
DB00887	CCCCNC1=C(OC2=CC=CC=C2)C(=CC(=C1)C(O)=O)S(N)(=O)=O
DB08820	CC(C)(C)C1=CC(=C(O)C=C1NC(=O)C1=CNC2=CC=CC=C2C1=O)C(C)(C)C
DB07715	CC1=CC(O)=C2C(=O)C3=C(C=C(O)C=C3O)C(=O)C2=C1
DB08142	ClC1=CC=CC(Cl)=C1C(=O)NC1=CNN=C1C(=O)NC1CCNCC1
DB02789	[H][C@@]1(CC[C@@]2([H])[C@]3([H])CC=C4C[C@@]([H])(O)CC[C@]4(C)[C@@]3([H])CC[C@]12C)C(C)=O
DB02656	O=C1C=C(OC2=C1C=CC=C2C1=CC=CC=C1)N1CCOCC1
DB04216	OC1=CC2=C(C(O)=C1)C(=O)C(O)=C(O2)C1=CC=C(O)C(O)=C1
DB01783	CC(C)(CO)C(O)C(=O)NCCC(O)=O
DB02375	OC1=CC(O)=C2C(OC(=C(O)C2=O)C2=CC(O)=C(O)C(O)=C2)=C1
DB00518	CCCSC1=CC2=C(C=C1)N=C(NC(=O)OC)N2
DB00643	COC(=O)NC1=NC2=C(N1)C=C(C=C2)C(=O)C1=CC=CC=C1
DB04845	C[C@H]1CCC[C@@]2(C)O[C@@]2([H])C[C@H](NC(=O)C[C@@H](O)C(C)(C)C(=O)[C@@H](C)[C@H]1O)C(\C)=C\C1=CSC(C)=N1
DB02097	NC1=NC(=O)N(C=C1)[C@@H]1O[C@@H](CO)[C@H](O)[C@H]1O
DB02546	ONC(=O)CCCCCCC(=O)NC1=CC=CC=C1
DB04297	ONC(=O)\C=C\C(\C)=C\[C@](C)([H])C(=O)C1=CC=C(N(C)C)C=C1
DB03424	CC(C)C[C@@H](NC(=O)[C@@H](O)[C@H](N)CC1=CC=CC=C1)C(O)=O
DB07232	C[C@@]1(CCCN1)C1=NC2=CC=CC(C(N)=O)=C2N1
DB06777	[H][C@@]1(CC[C@@]2([H])[C@]3([H])[C@H](O)C[C@]4([H])C[C@H](O)CC[C@]4(C)[C@@]3([H])CC[C@]12C)[C@H](C)CCC(O)=O
DB04331	[H][C@]1(NC(=S)NC(C)=C1C(=O)OCC)C1=CC=CC(O)=C1
DB03566	NCCCCNCCCN
DB04106	CCOP(=O)(OCC)[C@@H](C)NC(=O)N(CCCl)N=O
DB00555	NC1=NC(N)=C(N=N1)C1=C(Cl)C(Cl)=CC=C1
DB00818	CC(C)C1=CC=CC(C(C)C)=C1O
DB00323	CC1=CC=C(C=C1)C(=O)C1=CC(=C(O)C(O)=C1)[N+]([O-])=O
DB00494	CCN(CC)C(=O)C(=C\C1=CC(=C(O)C(O)=C1)[N+]([O-])=O)\C#N
DB04820	O=C(CCNNC(=O)C1=CC=NC=C1)NCC1=CC=CC=C1
DB00752	N[C@@H]1CC1C1=CC=CC=C1
DB01037	CC(CC1=CC=CC=C1)N(C)CC#C
DB01171	ClC1=CC=C(C=C1)C(=O)NCCN1CCOCC1
DB00437	O=C1N=CN=C2NNC=C12
DB03841	CC(C)(C)COC1=C(C=C(C=C1)N1C=C(C=N1)C(O)=O)C#N
DB07795	OC1=CC2=C(C=C1)C(=O)C(O)=C(O2)C1=CC=C(O)C(O)=C1
DB00552	OC[C@H]1O[C@H](C[C@@H]1O)N1C=NC2=C1N=CNC[C@H]2O
DB01590	CO[C@@H]1C[C@H](C[C@H](C)C2CC(=O)[C@H](C)\C=C(C)\[C@@H](O)[C@@H](OC)C(=O)[C@@H](C)C[C@@H](C)\C=C\C=C\C=C(C)\[C@H](C[C@H]3CC[C@H](C)[C@](O)(O3)C(=O)C(=O)N3CCCC[C@@H]3C(=O)O2)OC)CC[C@H]1OCCO
DB06287	OCC(C)(CO)C(=O)O[C@@H]1CC[C@@H](C[C@@H](C)[C@]2([H])CC(=O)[C@H](C)\C=C(C)\[C@@H](O)[C@@H](OC)C(=O)[C@H](C)C[C@H](C)\C=C\C=C\C=C(C)\[C@@H](OC)C[C@]3([H])CC[C@@H](C)[C@@](O)(O3)C(=O)C(=O)N3CCCC[C@H]3C(=O)O2)C[C@H]1OC
DB04716	CC(C)(C)C1=NC2=C3C=CC(F)=CC3=C3C(=O)NC=CC3=C2N1
DB00738	NC(=N)C1=CC=C(OCCCCCOC2=CC=C(C=C2)C(N)=N)C=C1
DB07348	[H][C@]1(O)C[C@@]2([H])\C=C\CCC[C@]([H])(C)OC(=O)\C=C\[C@@]([H])(O)[C@]2([H])C1
DB00558	[H][C@]1(OC(=C[C@H](N=C(N)N)[C@H]1NC(C)=O)C(O)=O)[C@H](O)[C@H](O)CO
DB03994	NCCO
DB06852	[H][C@@]12CC[N@@](CC1)C[C@@]2([H])NC1=C(C2=NC3=CC=CC=C3N2)C(=O)NC2=C1C=C(Cl)C=C2
DB04703	COC1=CC=C(C=C1O)[C@@H]1CC(=O)C2=C(O1)C=C(O[C@@H]1O[C@H](CO[C@@H]3O[C@@H](C)[C@H](O)[C@@H](O)[C@H]3O)[C@@H](O)[C@H](O)[C@H]1O)C=C2O
DB07340	C1CCC(CC1)NC1=C2N=CNC2=NC(NC2=CC=C(C=C2)N2CCOCC2)=N1
DB02740	OC(=O)CCCC1=CNC2=C1C=CC=C2
DB06733	CO[C@H]1\C=C\C=C(C)\C[C@H](C)[C@H](O)[C@H](C)\C=C(/ C)\C=C(O​​C)\C(=O)O[C@@H]1[C@@H](C)[C@@H](O)[C@H](C)[ C@@]1(O)C[C@@H](O)[C@H](C)[C@H](O1)C(C)C
DB00561	CCN1CC(CCN2CCOCC2)C(C1=O)(C1=CC=CC=C1)C1=CC=CC=C1
DB01156	CC(NC(C)(C)C)C(=O)C1=CC(Cl)=CC=C1
DB01032	CCCN(CCC)S(=O)(=O)C1=CC=C(C=C1)C(O)=O
DB01044	COC1=C2N(C=C(C(O)=O)C(=O)C2=CC(F)=C1N1CCNC(C)C1)C1CC1
DB02587	[H][C@]1(O)CCC(C)(C)[C@]2([H])[C@]([H])(O)[C@]([H])(OC(C)=O)[C@@]3(C)O[C@](C)(CC(=O)[C@]3(O)[C@@]12C)C=C
DB07995	BrC1=CC=C(\C=C\CNCCNS(=O)(=O)C2=CC=CC3=C2C=CN=C3)C=C1
DB08568	[H][C@@](N)(COC1=CC(=CN=C1)C1=CC=C2NN=C(C)C2=C1)CC1=CC=CC=C1
DB08399	OC1=CC(\C=C\C2=CC=C(O)C(O)=C2)=CC(O)=C1
DB02255	[H][C@@](CC(C)C)(CC(=O)NO)C(=O)N[C@@]([H])(CC1=CNC2=CC=CC=C12)C(=O)NC
DB01206	ClCCN(N=O)C(=O)NC1CCCCC1
DB08356	COC1=CC=C(C=C1)C1=C(C)NN=C1C1=C(O)C=C(O)C=C1
DB00176	COCCCCC(=NOCCN)C1=CC=C(C=C1)C(F)(F)F
DB00194	NC1=NC=NC2=C1N=CN2[C@@H]1O[C@H](CO)[C@@H](O)[C@@H]1O
DB00196	OC(CN1C=NC=N1)(CN1C=NC=N1)C1=C(F)C=C(F)C=C1
DB00213	COC1=C(OC)C(CS(=O)C2=NC3=C(N2)C=C(OC(F)F)C=C3)=NC=C1
DB00215	CN(C)CCCC1(OCC2=C1C=CC(=C2)C#N)C1=CC=C(F)C=C1
DB00234	[H][C@]1(CNCCO1)[C@@H](OC1=CC=CC=C1OCC)C1=CC=CC=C1
DB00249	OC[C@H]1O[C@H](C[C@@H]1O)N1C=C(I)C(=O)NC1=O
DB00259	NC1=CC=C(C=C1)S(N)(=O)=O
DB00285	COC1=CC=C(C=C1)C(CN(C)C)C1(O)CCCCC1
DB00289	CNCC[C@@H](OC1=CC=CC=C1C)C1=CC=CC=C1
DB00325	O=N[Fe--](C#N)(C#N)(C#N)(C#N)C#N
DB00338	COC1=CC2=C(C=C1)N=C(N2)S(=O)CC1=NC=C(C)C(OC)=C1C
DB00345	NC1=CC=C(C=C1)C(=O)NCC(O)=O
DB00357	CCC1(CCC(=O)NC1=O)C1=CC=C(N)C=C1
DB00476	CNCC[C@H](OC1=CC=CC2=CC=CC=C12)C1=CC=CS1
DB00478	CC(N)C12CC3CC(CC(C3)C1)C2
DB00495	CC1=CN([C@H]2C[C@H](N=[N+]=[N-])[C@@H](CO)O2)C(=O)NC1=O
DB00524	CC1NC2=CC(Cl)=C(C=C2C(=O)N1C1=CC=CC=C1C)S(N)(=O)=O
DB00549	COC1=C(CC2=CN(C)C3=C2C=C(NC(=O)OC2CCCC2)C=C3)C=CC(=C1)C(=O)NS(=O)(=O)C1=CC=CC=C1C
DB00553	COC1=C2OC(=O)C=CC2=CC2=C1OC=C2
DB00576	CC1=NN=C(NS(=O)(=O)C2=CC=C(N)C=C2)S1
DB00582	C[C@@H](C1=NC=NC=C1F)[C@](O)(CN1C=NC=N1)C1=C(F)C=C(F)C=C1
DB00601	CC(=O)NC[C@H]1CN(C(=O)O1)C1=CC(F)=C(C=C1)N1CCOCC1
DB00701	CC(C)CN(C[C@@H](O)[C@H](CC1=CC=CC=C1)NC(=O)O[C@H]1CCOC1)S(=O)(=O)C1=CC=C(N)C=C1
DB00730	N1C2=CC=CC=C2N=C1C1=CSC=N1
DB00857	CN(C\C=C\C#CC(C)(C)C)CC1=CC=CC2=CC=CC=C12
DB00878	ClC1=CC=C(NC(=N)NC(=N)NCCCCCCNC(=N)NC(=N)NC2=CC=C(Cl)C=C2)C=C1
DB00943	NC1=NC(=O)N(C=C1)[C@H]1CC[C@@H](CO)O1
DB01006	N#CC1=CC=C(C=C1)C(N1C=NC=N1)C1=CC=C(C=C1)C#N
DB01007	ClC1=C(COC(CN2C=CN=C2)C2=C(Cl)C=C(Cl)C=C2)C=CS1
DB01012	C[C@@H](NCCCC1=CC(=CC=C1)C(F)(F)F)C1=CC=CC2=CC=CC=C12
DB01127	ClC1=CC=C(COC(CN2C=CN=C2)C2=C(Cl)C=C(Cl)C=C2)C=C1
DB01217	CC(C)(C#N)C1=CC(=CC(CN2C=NC=N2)=C1)C(C)(C)C#N
DB01243	OC1=C(Cl)C=C(Cl)C2=C1N=CC=C2
DB01333	[H][C@]12SCC(C)=C(N1C(=O)[C@H]2NC(=O)[C@H](N)C1=CCC=CC1)C(O)=O
DB01656	FC(F)OC1=C(OCC2CC2)C=C(C=C1)C(=O)NC1=C(Cl)C=NC=C1Cl
DB01718	CCCCCCCCCCCCCCCC[N+](C)(C)C
DB02567	CSC1=CC=CC(NC2=NC=C3C=C(C(=O)N(C)C3=N2)C2=C(Cl)C=CC=C2Cl)=C1
DB03285	OC1=CC=C(\C=C\C(=O)C2=CC=C(O)C=C2O)C=C1
DB03467	[H][C@]1(CC(=O)C2=C(O1)C=C(O)C=C2O)C1=CC=C(O)C=C1
DB04115	COC1=CC=C2C=C3C4=CC5=C(OCO5)C=C4CC[N+]3=CC2=C1OC
DB04665	O=C1OC2=CC=CC=C2C=C1
DB04725	CC1(C)CN2C(CC(O)=O)=C(C(=C2C1)C1=CC=CC=C1)C1=CC=C(Cl)C=C1
DB04794	C1=CN(C=N1)C(C1=CC=CC=C1)C1=CC=C(C=C1)C1=CC=CC=C1
DB04835	[H][C@]12CC[C@]([H])(CC(C1)N1C(C)=NN=C1C(C)C)N2CC[C@H](NC(=O)C1CCC(F)(F)CC1)C1=CC=CC=C1
DB04844	COC1=C(OC)C=C2C3CC(=O)C(CC(C)C)CN3CCC2=C1
DB04849	COC1=CC2=C(C=C1OCCCN1CCCC1)N=CN=C2OC1=C(F)C2=C(NC(C)=C2)C=C1
DB04855	CCCCN(CCCC)CCCOC1=CC=C(C=C1)C(=O)C1=C(CCCC)OC2=C1C=C(NS(C)(=O)=O)C=C2
DB04864	C\C=C1/C2CC3=C(C=CC(=O)N3)C1(N)CC(C)=C2
DB04873	CCCCN1CCC(CNC(=O)C2=C3OCCCN3C3=CC=CC=C23)CC1
DB04879	ClC1=CC=C(NC2=NN=C(CC3=CC=NC=C3)C3=CC=CC=C23)C=C1
DB04881	COC1=CC=CC2=C1NC1=C(C=CC=C1C(=O)NC1=CC=C(CCN3CCC4=CC(OC)=C(OC)C=C4C3)C=C1)C2=O
DB04896	CCN(CC)C(=O)[C@@]1(C[C@@H]1CN)C1=CC=CC=C1
DB04905	CCN(CC)CCOC1=CC=C(CC2=CC=CC=C2)C=C1
DB04946	COC1=C(OCCCN2CCC(CC2)C2=NOC3=C2C=CC(F)=C3)C=CC(=C1)C(C)=O
DB04953	CCOC(=O)NC1=C(N)C=C(NCC2=CC=C(F)C=C2)C=C1
DB04960	CN1C=NC=C1[C@@](N)(C1=CC=C(Cl)C=C1)C1=CC2=C(C=C1)N(C)C(=O)C=C2C1=CC(Cl)=CC=C1
DB05013	OCC1=C[C@]2([H])C(=O)[C@]3(C=C(C)[C@H](OC(=O)C(\C)=C/C)[C@@]3(O)[C@@H]1O)[C@H](C)C[C@@]1([H])C(C)(C)[C@@]21[H]
DB05076	C\C(\C=C\C1=C(C)CCCC1(C)C)=C/C=C/C(/C)=C/C(=O)NC1=CC=C(O)C=C1
DB05294	COC1=C(OCC2CCN(C)CC2)C=C2N=CN=C(NC3=C(F)C=C(Br)C=C3)C2=C1
DB05424	FC1=C(Cl)C=C(NC2=NC=NC3=CC(OCCCN4CCOCC4)=C(NC(=O)C=C)C=C23)C=C1
DB05448	CCC(C)SSC1=NC=CN1
DB05465	COC1=C(OCCCN2CCCCC2)C=C2N=CN=C(N3CCN(CC3)C(=O)NC3=CC=C(OC(C)C)C=C3)C2=C1
DB05812	[H][C@@]12CC=C(C3=CC=CN=C3)[C@@]1(C)CC[C@@]1([H])[C@@]2([H])CC=C2C[C@@H](O)CC[C@]12C
DB06203	CN1C(=O)C=C(N2CCC[C@@H](N)C2)N(CC2=C(C=CC=C2)C#N)C1=O
DB06207	C[C@H](CC1=CC2=C(N(CCCO)CC2)C(=C1)C(N)=O)NCCOC1=CC=CC=C1OCC(F)(F)F
DB06216	OC(=O)\C=C/C(O)=O.CN1CC2C(C1)C1=C(OC3=CC=CC=C23)C=CC(Cl)=C1
DB06218	COC[C@@H](NC(C)=O)C(=O)NCC1=CC=CC=C1
DB06292	O.CC(O)CO.CCOC1=CC=C(CC2=CC(=CC=C2Cl)[C@@H]2O[C@H](CO)[C@@H](O)[C@H](O)[C@H]2O)C=C1
DB06589	CN(C1=CC2=NN(C)C(C)=C2C=C1)C1=CC=NC(NC2=CC=C(C)C(=C2)S(N)(=O)=O)=N1
DB06605	COC1=CC=C(C=C1)N1N=C(C(N)=O)C2=C1C(=O)N(CC2)C1=CC=C(C=C1)N1CCCCC1=O
DB06616	COC1=CC(NC2=C(C=NC3=CC(OCCCN4CCN(C)CC4)=C(OC)C=C23)C#N)=C(Cl)C=C1Cl
DB06700	CN(C)CC(C1=CC=C(O)C=C1)C1(O)CCCCC1
DB06729	NC1=CC=C(C=C1)S(=O)(=O)NC1=CC=NN1C1=CC=CC=C1
DB06743	C[C@@H]1C(=O)O[C@H]2C[C@@]34[C@H]5C[C@@H](C(C)(C)C)[C@@]33[C@@H](O)C(=O)O[C@H]3O[C@@]4(C(=O)O5)[C@@]12O
DB06813	NC1=NC2=NC=C(CC(CC#C)C3=CC=C(C=C3)C(=O)N[C@@H](CCC(O)=O)C(O)=O)N=C2C(N)=N1
DB06817	CN1C(=O)C(O)=C(N=C1C(C)(C)NC(=O)C1=NN=C(C)O1)C(=O)NCC1=CC=C(F)C=C1
DB07352	OC1=CC=C(C=C1)C1=CC(=O)C2=C(O1)C=C(O)C=C2O
DB07767	COC1=CC(\C=C\C(O)=O)=CC=C1O
DB07810	OC1=CC=C(CCC(=O)C2=C(O)C=C(O)C=C2O)C=C1
DB08079	COC1=CC2=NC=CC(OCC3=NN=C4C=CC(=NN34)C3=CC=CC=C3)=C2C=C1
DB08828	CS(=O)(=O)C1=CC(Cl)=C(C=C1)C(=O)NC1=CC=C(Cl)C(=C1)C1=CC=CC=N1
DB08860	O[C@H](C[C@H](O)\C=C\C1=C(N=C2C=CC=CC2=C1C1=CC=C(F)C=C1)C1CC1)CC(O)=O
DB08868	CCCCCCCCC1=CC=C(CCC(N)(CO)CO)C=C1
DB08877	N#CC[C@H](C1CCCC1)N1C=C(C=N1)C1=C2C=CNC2=NC=N1
DB08878	NC1=NC2=C(N=C(CNC3=CC=C(C=C3)C(=O)N[C@@H](CCC(O)=O)C(O)=O)C=N2)C(N)=N1
DB08881	CCCS(=O)(=O)NC1=C(F)C(C(=O)C2=CNC3=NC=C(C=C23)C2=CC=C(Cl)C=C2)=C(F)C=C1
DB08882	CC#CCN1C(=NC2=C1C(=O)N(CC1=NC3=C(C=CC=C3)C(C)=N1)C(=O)N2C)N1CCC[C@@H](N)C1
DB08893	NC1=NC(CC(=O)NC2=CC=C(CCNC[C@H](O)C3=CC=CC=C3)C=C2)=CS1
DB08896	CNC(=O)C1=CC(OC2=CC(F)=C(NC(=O)NC3=CC=C(Cl)C(=C3)C(F)(F)F)C=C2)=CC=N1
DB08897	OC(C(=O)O[C@H]1C[N+]2(CCCOC3=CC=CC=C3)CCC1CC2)(C1=CC=CS1)C1=CC=CS1
DB08899	CNC(=O)C1=C(F)C=C(C=C1)N1C(=S)N(C(=O)C1(C)C)C1=CC=C(C#N)C(=C1)C(F)(F)F
DB08901	CN1CCN(CC2=CC=C(NC(=O)C3=CC(C#CC4=CN=C5C=CC=NN45)=C(C)C=C3)C=C2C(F)(F)F)CC1
DB08905	[H][C@@]12CCC(=O)[C@@]1(C)CC[C@@]1([H])[C@@]2([H])CCC2=C(O)C(=O)CC[C@]12C
DB08916	CN(C)C\C=C\C(=O)NC1=C(O[C@H]2CCOC2)C=C2N=CN=C(NC3=CC(Cl)=C(F)C=C3)C2=C1
DB08932	CCCNS(=O)(=O)NC1=C(C(OCCOC2=NC=C(Br)C=N2)=NC=N1)C1=CC=C(Br)C=C1
DB08943	ClC1=CC(Cl)=C(C=C1)C(CN1C=CN=C1)OCC1=C(Cl)C=CC=C1Cl
DB08954	CC(C(O)C1=CC=C(O)C=C1)N1CCC(CC2=CC=CC=C2)CC1
DB09028	O=C1C=CC=C2[C@H]3CNC[C@H](C3)CN12
DB05381	Cl.Cl.NCCC1=CN=CN1
DB08846	OC1=C(O)C2=C3C(=C1)C(=O)OC1=C3C(=CC(O)=C1O)C(=O)O2
DB08865	C[C@@H](OC1=CC(=CN=C1N)C1=CN(N=C1)C1CCNCC1)C1=C(Cl)C=CC(F)=C1Cl
